REF MADRE;EAN PRODUCT;NOMBRE (SIN TALLA);MARCA;PVP +IVA;ID IVA;PRODUCT CATEGORIA;CATEGORIAS;CARACTERISTICAS;GAMA;FILTROS;PRODUCT;META-DESCRIPCION;URL IMGs;DESCRIPCION LARGA;ANCHURA;ALTURA;PROFUNDIDAD;PESO;ID DISPONIBILIDAD;ACTIVO;DISP. PEDIDOS;TEMPORADA;TALLAS;GENERO;EDAD;COLOR;REF COMBI;EAN COMBI;NOMBRE COMBI:TIPO;;REF;NOMBRE;PROVEEDOR;FAMILIA;SUBFAMILIA;P.COMPRA;PVP (+IVA);EAN;ALT 1;ALT 2;ALT 3;UNIDAD;LOTE;PESO;CODNC;LIBRE1=MARCA;LIBRE2=TEMPORADA;LIBRE3=PRODUCTO;LIBRE4=GAMA/MODELO
;;;;;;;;;;;;;;;;;;;;;;;;;;;;;;;P4C0435198001A;KIT PISTONES PARTE SUPERIOR: PISTÓN FUNDIDO ATHENA 2 TIEMPOS Ø 43,44 MM + KIT JUNTAS PARTE SUPERIOR YZ 65 2018-2023;622;ATEN;KP+JA;49,18757686;121,4632;8053300717897;;;;1;0;1;87141010;ATHENA;;KITS PISTÓN;
;;;;;;;;;;;;;;;;;;;;;;;;;;;;;;;P4C0435198001B;KIT PISTONES PARTE SUPERIOR: PISTÓN FUNDIDO ATHENA 2 TIEMPOS Ø 43,45 MM + KIT JUNTAS PARTE SUPERIOR YZ 65 2018-2023;622;ATEN;KP+JA;49,18757686;121,4632;8053300717903;;;;1;0;1;87141010;ATHENA;;KITS PISTÓN;
;;;;;;;;;;;;;;;;;;;;;;;;;;;;;;;P4C0435198001C;KIT PISTONES PARTE SUPERIOR: PISTÓN FUNDIDO ATHENA 2 TIEMPOS Ø 43,46 MM + KIT JUNTAS PARTE SUPERIOR YZ 65 2018-2023;622;ATEN;KP+JA;44,01981818;108,702;8053300717941;;;;1;0;1;87141010;ATHENA;;KITS PISTÓN;
;;;;;;;;;;;;;;;;;;;;;;;;;;;;;;;P4C0445008001A;KIT PISTONES PARTE SUPERIOR: PISTÓN FUNDIDO ATHENA 2 TIEMPOS Ø 44,45 MM + KIT JUNTAS PARTE SUPERIOR KX 65 2000-2024;622;ATEN;KP+JA;44,01981818;108,702;8053300717958;;;;1;0;1;87141010;ATHENA;;KITS PISTÓN;
;;;;;;;;;;;;;;;;;;;;;;;;;;;;;;;P4C0445008001B;KIT PISTONES PARTE SUPERIOR: PISTÓN FUNDIDO ATHENA 2 TIEMPOS Ø 44,46 MM + KIT JUNTAS PARTE SUPERIOR KX 65 2000-2024;622;ATEN;KP+JA;44,01981818;108,702;8053300717965;;;;1;0;1;87141010;ATHENA;;KITS PISTÓN;
;;;;;;;;;;;;;;;;;;;;;;;;;;;;;;;P4C0445008001C;KIT PISTONES PARTE SUPERIOR: PISTÓN FUNDIDO ATHENA 2 TIEMPOS Ø 44,47 MM + KIT JUNTAS PARTE SUPERIOR KX 65 2000-2024;622;ATEN;KP+JA;46,59381653;115,0582;8053300717743;;;;1;0;1;87141010;ATHENA;;KITS PISTÓN;
;;;;;;;;;;;;;;;;;;;;;;;;;;;;;;;P4C0450047002A;KIT PISTONES PARTE SUPERIOR: PISTÓN FUNDIDO ATHENA 2 TIEMPOS Ø 44,96 MM + KIT JUNTAS PARTE SUPERIOR MC 65 2021-2023;622;ATEN;KP+JA;46,59381653;115,0582;8053300717750;;;;1;0;1;87141010;ATHENA;;KITS PISTÓN;
;;;;;;;;;;;;;;;;;;;;;;;;;;;;;;;P4C0450047002B;KIT PISTONES PARTE SUPERIOR: PISTÓN FUNDIDO ATHENA 2 TIEMPOS Ø 44,97 MM + KIT JUNTAS PARTE SUPERIOR MC 65 2021-2023;622;ATEN;KP+JA;46,59381653;115,0582;8053300717767;;;;1;0;1;87141010;ATHENA;;KITS PISTÓN;
;;;;;;;;;;;;;;;;;;;;;;;;;;;;;;;P4C0450047002C;KIT PISTONES PARTE SUPERIOR: PISTÓN FUNDIDO ATHENA 2 TIEMPOS Ø 44,98 MM + KIT JUNTAS PARTE SUPERIOR MC 65 2021-2023;622;ATEN;KP+JA;46,59381653;115,0582;8053300717774;;;;1;0;1;87141010;ATHENA;;KITS PISTÓN;
;;;;;;;;;;;;;;;;;;;;;;;;;;;;;;;P4C0450047002D;KIT PISTONES PARTE SUPERIOR: PISTÓN FUNDIDO ATHENA 2 TIEMPOS Ø 44,99 MM + KIT JUNTAS PARTE SUPERIOR MC 65 2021-2023;622;ATEN;KP+JA;50,59561818;124,9402;8053300717705;;;;1;0;1;87141010;ATHENA;;KITS PISTÓN;
;;;;;;;;;;;;;;;;;;;;;;;;;;;;;;;P4C0470013005A;KIT PISTONES PARTE SUPERIOR: PISTÓN FUNDIDO ATHENA 2 TIEMPOS Ø 46,94 MM + KIT JUNTAS PARTE SUPERIOR TC 85 2014-2017;622;ATEN;KP+JA;50,59561818;124,9402;8053300717712;;;;1;0;1;87141010;ATHENA;;KITS PISTÓN;
;;;;;;;;;;;;;;;;;;;;;;;;;;;;;;;P4C0470013005B;KIT PISTONES PARTE SUPERIOR: PISTÓN FUNDIDO ATHENA 2 TIEMPOS Ø 46,95 MM + KIT JUNTAS PARTE SUPERIOR TC 85 2014-2017;622;ATEN;KP+JA;50,59561818;124,9402;8053300717729;;;;1;0;1;87141010;ATHENA;;KITS PISTÓN;
;;;;;;;;;;;;;;;;;;;;;;;;;;;;;;;P4C0470013005C;KIT PISTONES PARTE SUPERIOR: PISTÓN FUNDIDO ATHENA 2 TIEMPOS Ø 46,96 MM + KIT JUNTAS PARTE SUPERIOR TC 85 2014-2017;622;ATEN;KP+JA;50,59561818;124,9402;8053300717736;;;;1;0;1;87141010;ATHENA;;KITS PISTÓN;
;;;;;;;;;;;;;;;;;;;;;;;;;;;;;;;P4C0470013005D;KIT PISTONES PARTE SUPERIOR: PISTÓN FUNDIDO ATHENA 2 TIEMPOS Ø 46,97 MM + KIT JUNTAS PARTE SUPERIOR TC 85 2014-2017;622;ATEN;KP+JA;56,63290413;139,8486;8053300717668;;;;1;0;1;87141010;ATHENA;;KITS PISTÓN;
;;;;;;;;;;;;;;;;;;;;;;;;;;;;;;;P4C0470088005A;KIT PISTONES PARTE SUPERIOR: PISTÓN FUNDIDO ATHENA 2 TIEMPOS Ø 46,94 MM + KIT JUNTAS PARTE SUPERIOR MC 85 2021-2024;622;ATEN;KP+JA;56,63290413;139,8486;8053300717675;;;;1;0;1;87141010;ATHENA;;KITS PISTÓN;
;;;;;;;;;;;;;;;;;;;;;;;;;;;;;;;P4C0470088005B;KIT PISTONES PARTE SUPERIOR: PISTÓN FUNDIDO ATHENA 2 TIEMPOS Ø 46,95 MM + KIT JUNTAS PARTE SUPERIOR MC 85 2021-2024;622;ATEN;KP+JA;56,63290413;139,8486;8053300717682;;;;1;0;1;87141010;ATHENA;;KITS PISTÓN;
;;;;;;;;;;;;;;;;;;;;;;;;;;;;;;;P4C0470088005C;KIT PISTONES PARTE SUPERIOR: PISTÓN FUNDIDO ATHENA 2 TIEMPOS Ø 46,96 MM + KIT JUNTAS PARTE SUPERIOR MC 85 2021-2024;622;ATEN;KP+JA;56,63290413;139,8486;8053300717699;;;;1;0;1;87141010;ATHENA;;KITS PISTÓN;
;;;;;;;;;;;;;;;;;;;;;;;;;;;;;;;P4C0470088005D;KIT PISTONES PARTE SUPERIOR: PISTÓN FUNDIDO ATHENA 2 TIEMPOS Ø 46,97 MM + KIT JUNTAS PARTE SUPERIOR MC 85 2021-2024;622;ATEN;KP+JA;40,99623471;101,2356;8053300717842;;;;1;0;1;87141010;ATHENA;;KITS PISTÓN;
;;;;;;;;;;;;;;;;;;;;;;;;;;;;;;;P4C0475089003A;KIT PISTONES PARTE SUPERIOR: PISTÓN FUNDIDO ATHENA 2 TIEMPOS Ø 47,44 MM + KIT JUNTAS PARTE SUPERIOR YZ 85 2002-2018;622;ATEN;KP+JA;40,99623471;101,2356;8053300717859;;;;1;0;1;87141010;ATHENA;;KITS PISTÓN;
;;;;;;;;;;;;;;;;;;;;;;;;;;;;;;;P4C0475089003B;KIT PISTONES PARTE SUPERIOR: PISTÓN FUNDIDO ATHENA 2 TIEMPOS Ø 47,45 MM + KIT JUNTAS PARTE SUPERIOR YZ 85 2002-2018;622;ATEN;KP+JA;40,99623471;101,2356;8053300717866;;;;1;0;1;87141010;ATHENA;;KITS PISTÓN;
;;;;;;;;;;;;;;;;;;;;;;;;;;;;;;;P4C0475089003C;KIT PISTONES PARTE SUPERIOR: PISTÓN FUNDIDO ATHENA 2 TIEMPOS Ø 47,46 MM + KIT JUNTAS PARTE SUPERIOR YZ 85 2002-2018;622;ATEN;KP+JA;40,99623471;101,2356;8053300717873;;;;1;0;1;87141010;ATHENA;;KITS PISTÓN;
;;;;;;;;;;;;;;;;;;;;;;;;;;;;;;;P4C0475089003D;KIT PISTONES PARTE SUPERIOR: PISTÓN FUNDIDO ATHENA 2 TIEMPOS Ø 47,47 MM + KIT JUNTAS PARTE SUPERIOR YZ 85 2002-2018;622;ATEN;KP+JA;47,1026876;116,3148;8053300717811;;;;1;0;1;87141010;ATHENA;;KITS PISTÓN;
;;;;;;;;;;;;;;;;;;;;;;;;;;;;;;;P4C0475199005A;KIT PISTONES PARTE SUPERIOR: PISTÓN FUNDIDO ATHENA 2 TIEMPOS Ø 47,45 MM + KIT JUNTAS PARTE SUPERIOR YZ 85 2019-2024;622;ATEN;KP+JA;47,1026876;116,3148;8053300717828;;;;1;0;1;87141010;ATHENA;;KITS PISTÓN;
;;;;;;;;;;;;;;;;;;;;;;;;;;;;;;;P4C0475199005B;KIT PISTONES PARTE SUPERIOR: PISTÓN FUNDIDO ATHENA 2 TIEMPOS Ø 47,46 MM + KIT JUNTAS PARTE SUPERIOR YZ 85 2019-2024;622;ATEN;KP+JA;47,1026876;116,3148;8053300717835;;;;1;0;1;87141010;ATHENA;;KITS PISTÓN;
;;;;;;;;;;;;;;;;;;;;;;;;;;;;;;;P4C0475199005C;KIT PISTONES PARTE SUPERIOR: PISTÓN FUNDIDO ATHENA 2 TIEMPOS Ø 47,47 MM + KIT JUNTAS PARTE SUPERIOR YZ 85 2019-2024;622;ATEN;KP+JA;53,89092893;133,0776;8053300717910;;;;1;0;1;87141010;ATHENA;;KITS PISTÓN;
;;;;;;;;;;;;;;;;;;;;;;;;;;;;;;;P4C0485065003A;KIT PISTONES PARTE SUPERIOR: PISTÓN FUNDIDO ATHENA 2 TIEMPOS Ø 48,44 MM + KIT JUNTAS PARTE SUPERIOR KX 85 2014-2021;622;ATEN;KP+JA;53,89092893;133,0776;8053300717927;;;;1;0;1;87141010;ATHENA;;KITS PISTÓN;
;;;;;;;;;;;;;;;;;;;;;;;;;;;;;;;P4C0485065003B;KIT PISTONES PARTE SUPERIOR: PISTÓN FUNDIDO ATHENA 2 TIEMPOS Ø 48,45 MM + KIT JUNTAS PARTE SUPERIOR KX 85 2014-2021;622;ATEN;KP+JA;53,89092893;133,0776;8053300717934;;;;1;0;1;87141010;ATHENA;;KITS PISTÓN;
;;;;;;;;;;;;;;;;;;;;;;;;;;;;;;;P4C0485065003C;KIT PISTONES PARTE SUPERIOR: PISTÓN FUNDIDO ATHENA 2 TIEMPOS Ø 48,46 MM + KIT JUNTAS PARTE SUPERIOR KX 85 2014-2021;622;ATEN;KP+JA;66,27675207;163,663;8053300717620;;;;1;0;1;87141010;ATHENA;;KITS PISTÓN;
;;;;;;;;;;;;;;;;;;;;;;;;;;;;;;;P4C0540023020A;KIT PISTONES PARTE SUPERIOR: PISTÓN FUNDIDO ATHENA 2 TIEMPOS Ø 53,94 MM + KIT JUNTAS PARTE SUPERIOR TC 125 2014-2015;622;ATEN;KP+JA;66,27675207;163,663;8053300717637;;;;1;0;1;87141010;ATHENA;;KITS PISTÓN;
;;;;;;;;;;;;;;;;;;;;;;;;;;;;;;;P4C0540023020B;KIT PISTONES PARTE SUPERIOR: PISTÓN FUNDIDO ATHENA 2 TIEMPOS Ø 53,94 MM + KIT JUNTAS PARTE SUPERIOR TC 125 2014-2015;622;ATEN;KP+JA;66,27675207;163,663;8053300717644;;;;1;0;1;87141010;ATHENA;;KITS PISTÓN;
;;;;;;;;;;;;;;;;;;;;;;;;;;;;;;;P4C0540023020C;KIT PISTONES PARTE SUPERIOR: PISTÓN FUNDIDO ATHENA 2 TIEMPOS Ø 53,94 MM + KIT JUNTAS PARTE SUPERIOR TC 125 2014-2015;622;ATEN;KP+JA;66,27675207;163,663;8053300717651;;;;1;0;1;87141010;ATHENA;;KITS PISTÓN;
;;;;;;;;;;;;;;;;;;;;;;;;;;;;;;;P4C0540023020D;KIT PISTONES PARTE SUPERIOR: PISTÓN FUNDIDO ATHENA 2 TIEMPOS Ø 53,94 MM + KIT JUNTAS PARTE SUPERIOR TC 125 2014-2015;622;ATEN;KP+JA;71,33087934;176,1436;8053300717583;;;;1;0;1;87141010;ATHENA;;KITS PISTÓN;
;;;;;;;;;;;;;;;;;;;;;;;;;;;;;;;P4C0540077020A;KIT PISTONES PARTE SUPERIOR: PISTÓN FUNDIDO ATHENA 2 TIEMPOS Ø 53,94 MM + KIT JUNTAS PARTE SUPERIOR MC 125 2021-2023;622;ATEN;KP+JA;71,33087934;176,1436;8053300717590;;;;1;0;1;87141010;ATHENA;;KITS PISTÓN;
;;;;;;;;;;;;;;;;;;;;;;;;;;;;;;;P4C0540077020B;KIT PISTONES PARTE SUPERIOR: PISTÓN FUNDIDO ATHENA 2 TIEMPOS Ø 53,95 MM + KIT JUNTAS PARTE SUPERIOR MC 125 2021-2023;622;ATEN;KP+JA;71,33087934;176,1436;8053300717606;;;;1;0;1;87141010;ATHENA;;KITS PISTÓN;
;;;;;;;;;;;;;;;;;;;;;;;;;;;;;;;P4C0540077020C;KIT PISTONES PARTE SUPERIOR: PISTÓN FUNDIDO ATHENA 2 TIEMPOS Ø 53,96 MM + KIT JUNTAS PARTE SUPERIOR MC 125 2021-2023;622;ATEN;KP+JA;71,33087934;176,1436;8053300717613;;;;1;0;1;87141010;ATHENA;;KITS PISTÓN;
;;;;;;;;;;;;;;;;;;;;;;;;;;;;;;;P4C0540077020D;KIT PISTONES PARTE SUPERIOR: PISTÓN FUNDIDO ATHENA 2 TIEMPOS Ø 53,97 MM + KIT JUNTAS PARTE SUPERIOR MC 125 2021-2023;622;ATEN;KP+JA;73,46023306;181,4018;8050506053613;;;;1;0;1;87141010;ATHENA;;KITS PISTÓN;
;;;;;;;;;;;;;;;;;;;;;;;;;;;;;;;P4C0540097020A;KIT PISTONES PARTE SUPERIOR: PISTÓN FUNDIDO ATHENA 2T Ø 53,94MM + KIT JUNTAS PARTE SUPERIOR KTM SX125 '23-24;622;ATEN;KP+JA;73,46023306;181,4018;8050506053620;;;;1;0;1;87141010;ATHENA;;KITS PISTÓN;
;;;;;;;;;;;;;;;;;;;;;;;;;;;;;;;P4C0540097020B;KIT PISTONES PARTE SUPERIOR: PISTÓN FUNDIDO ATHENA 2T Ø 53,95MM + KIT JUNTAS PARTE SUPERIOR KTM SX125 '23-24;622;ATEN;KP+JA;73,46023306;181,4018;8050506053637;;;;1;0;1;87141010;ATHENA;;KITS PISTÓN;
;;;;;;;;;;;;;;;;;;;;;;;;;;;;;;;P4C0540097020C;KIT PISTONES PARTE SUPERIOR: PISTÓN FUNDIDO ATHENA 2T Ø 53,96MM + KIT JUNTAS PARTE SUPERIOR KTM SX125 '23-24;622;ATEN;KP+JA;73,46023306;181,4018;8050506053644;;;;1;0;1;87141010;ATHENA;;KITS PISTÓN;
;;;;;;;;;;;;;;;;;;;;;;;;;;;;;;;P4C0540097020D;KIT PISTONES PARTE SUPERIOR: PISTÓN FUNDIDO ATHENA 2T Ø 53,97MM + KIT JUNTAS PARTE SUPERIOR KTM SX125 '23-24;622;ATEN;KP+JA;59,87880992;147,864;8053300717781;;;;1;0;1;87141010;ATHENA;;KITS PISTÓN;
;;;;;;;;;;;;;;;;;;;;;;;;;;;;;;;P4C0540118014A;KIT PISTONES PARTE SUPERIOR: PISTÓN FUNDIDO ATHENA 2 TIEMPOS Ø 53,95 MM + KIT JUNTAS PARTE SUPERIOR YZ 125 2005-2021;622;ATEN;KP+JA;59,87880992;147,864;8053300717798;;;;1;0;1;87141010;ATHENA;;KITS PISTÓN;
;;;;;;;;;;;;;;;;;;;;;;;;;;;;;;;P4C0540118014B;KIT PISTONES PARTE SUPERIOR: PISTÓN FUNDIDO ATHENA 2 TIEMPOS Ø 53,96 MM + KIT JUNTAS PARTE SUPERIOR YZ 125 2005-2021;622;ATEN;KP+JA;59,87880992;147,864;8053300717804;;;;1;0;1;87141010;ATHENA;;KITS PISTÓN;
;;;;;;;;;;;;;;;;;;;;;;;;;;;;;;;P4C0540118014C;KIT PISTONES PARTE SUPERIOR: PISTÓN FUNDIDO ATHENA 2 TIEMPOS Ø 53,97 MM + KIT JUNTAS PARTE SUPERIOR YZ 125 2005-2021;622;ATEN;KP+JA;64,40430413;159,0392;8050506053651;;;;1;0;1;87141010;ATHENA;;KITS PISTÓN;
;;;;;;;;;;;;;;;;;;;;;;;;;;;;;;;P4C0540271014A;KIT PISTONES PARTE SUPERIOR: PISTÓN FUNDIDO ATHENA 2T Ø 53,95MM + KIT JUNTAS PARTE SUPERIOR YAMAHA YZ125 '22-24;622;ATEN;KP+JA;64,40430413;159,0392;8050506053668;;;;1;0;1;87141010;ATHENA;;KITS PISTÓN;
;;;;;;;;;;;;;;;;;;;;;;;;;;;;;;;P4C0540271014B;KIT PISTONES PARTE SUPERIOR: PISTÓN FUNDIDO ATHENA 2T Ø 53,96MM + KIT JUNTAS PARTE SUPERIOR YAMAHA YZ125 '22-24;622;ATEN;KP+JA;64,40430413;159,0392;8050506053675;;;;1;0;1;87141010;ATHENA;;KITS PISTÓN;
;;;;;;;;;;;;;;;;;;;;;;;;;;;;;;;P4C0540271014C;KIT PISTONES PARTE SUPERIOR: PISTÓN FUNDIDO ATHENA 2T Ø 53,97MM + KIT JUNTAS PARTE SUPERIOR YAMAHA YZ125 '22-24;622;ATEN;KP+JA;72,16088264;178,1932;8053300717545;;;;1;0;1;87141010;ATHENA;;KITS PISTÓN;
;;;;;;;;;;;;;;;;;;;;;;;;;;;;;;;P4C0664045001A;KIT PISTONES PARTE SUPERIOR: PISTÓN FUNDIDO ATHENA 2 TIEMPOS Ø 66,34 MM + KIT JUNTAS PARTE SUPERIOR TC 250 2014-2016;622;ATEN;KP+JA;72,16088264;178,1932;8053300717552;;;;1;0;1;87141010;ATHENA;;KITS PISTÓN;
;;;;;;;;;;;;;;;;;;;;;;;;;;;;;;;P4C0664045001B;KIT PISTONES PARTE SUPERIOR: PISTÓN FUNDIDO ATHENA 2 TIEMPOS Ø 66,35 MM + KIT JUNTAS PARTE SUPERIOR TC 250 2014-2016;622;ATEN;KP+JA;72,16088264;178,1932;8053300717569;;;;1;0;1;87141010;ATHENA;;KITS PISTÓN;
;;;;;;;;;;;;;;;;;;;;;;;;;;;;;;;P4C0664045001C;KIT PISTONES PARTE SUPERIOR: PISTÓN FUNDIDO ATHENA 2 TIEMPOS Ø 66,36 MM + KIT JUNTAS PARTE SUPERIOR TC 250 2014-2016;622;ATEN;KP+JA;72,16088264;178,1932;8053300717576;;;;1;0;1;87141010;ATHENA;;KITS PISTÓN;
;;;;;;;;;;;;;;;;;;;;;;;;;;;;;;;P4C0664045001D;KIT PISTONES PARTE SUPERIOR: PISTÓN FUNDIDO ATHENA 2 TIEMPOS Ø 66,37 MM + KIT JUNTAS PARTE SUPERIOR TC 250 2014-2016;622;ATEN;KP+JA;72,11641818;178,0834;8053300717507;;;;1;0;1;87141010;ATHENA;;KITS PISTÓN;
;;;;;;;;;;;;;;;;;;;;;;;;;;;;;;;P4C0664083001A;KIT PISTONES PARTE SUPERIOR: PISTÓN FUNDIDO ATHENA 2 TIEMPOS Ø 66,34 MM + KIT JUNTAS PARTE SUPERIOR EC 250 2T 2021-2023;622;ATEN;KP+JA;72,11641818;178,0834;8053300717514;;;;1;0;1;87141010;ATHENA;;KITS PISTÓN;
;;;;;;;;;;;;;;;;;;;;;;;;;;;;;;;P4C0664083001B;KIT PISTONES PARTE SUPERIOR: PISTÓN FUNDIDO ATHENA 2 TIEMPOS Ø 66,35 MM + KIT JUNTAS PARTE SUPERIOR EC 250 2T 2021-2023;622;ATEN;KP+JA;72,11641818;178,0834;8053300717521;;;;1;0;1;87141010;ATHENA;;KITS PISTÓN;
;;;;;;;;;;;;;;;;;;;;;;;;;;;;;;;P4C0664083001C;KIT PISTONES PARTE SUPERIOR: PISTÓN FUNDIDO ATHENA 2 TIEMPOS Ø 66,36 MM + KIT JUNTAS PARTE SUPERIOR EC 250 2T 2021-2023;622;ATEN;KP+JA;72,11641818;178,0834;8053300717538;;;;1;0;1;87141010;ATHENA;;KITS PISTÓN;
;;;;;;;;;;;;;;;;;;;;;;;;;;;;;;;P4C0664083001D;KIT PISTONES PARTE SUPERIOR: PISTÓN FUNDIDO ATHENA 2 TIEMPOS Ø 66,37 MM + KIT JUNTAS PARTE SUPERIOR EC 250 2T 2021-2023;622;ATEN;KP+JA;86,76498843;214,2564;8050506053538;;;;1;0;1;87141010;ATHENA;;KITS PISTÓN;
;;;;;;;;;;;;;;;;;;;;;;;;;;;;;;;P4C0664096001A;KIT PISTONES PARTE SUPERIOR: PISTÓN FUNDIDO ATHENA 2T Ø 66,34MM + KIT JUNTAS PARTE SUPERIOR KTM EXC250 '24;622;ATEN;KP+JA;86,76498843;214,2564;8050506053545;;;;1;0;1;87141010;ATHENA;;KITS PISTÓN;
;;;;;;;;;;;;;;;;;;;;;;;;;;;;;;;P4C0664096001B;KIT PISTONES PARTE SUPERIOR: PISTÓN FUNDIDO ATHENA 2T Ø 66,35MM + KIT JUNTAS PARTE SUPERIOR KTM EXC250 '24;622;ATEN;KP+JA;86,76498843;214,2564;8050506053552;;;;1;0;1;87141010;ATHENA;;KITS PISTÓN;
;;;;;;;;;;;;;;;;;;;;;;;;;;;;;;;P4C0664096001C;KIT PISTONES PARTE SUPERIOR: PISTÓN FUNDIDO ATHENA 2T Ø 66,36MM + KIT JUNTAS PARTE SUPERIOR KTM EXC250 '24;622;ATEN;KP+JA;86,76498843;214,2564;8050506053569;;;;1;0;1;87141010;ATHENA;;KITS PISTÓN;
;;;;;;;;;;;;;;;;;;;;;;;;;;;;;;;P4C0664096001D;KIT PISTONES PARTE SUPERIOR: PISTÓN FUNDIDO ATHENA 2T Ø 66,37MM + KIT JUNTAS PARTE SUPERIOR KTM EXC250 '24;622;ATEN;KP+JA;90,07512066;222,4304;8053300717460;;;;1;0;1;87141010;ATHENA;;KITS PISTÓN;
;;;;;;;;;;;;;;;;;;;;;;;;;;;;;;;P4C0720045002A;KIT PISTONES PARTE SUPERIOR: PISTÓN FUNDIDO ATHENA 2 TIEMPOS Ø 71,93 MM + KIT JUNTAS PARTE SUPERIOR EXC 300 2013-2016;622;ATEN;KP+JA;90,07512066;222,4304;8053300717491;;;;1;0;1;87141010;ATHENA;;KITS PISTÓN;
;;;;;;;;;;;;;;;;;;;;;;;;;;;;;;;P4C0720045002B;KIT PISTONES PARTE SUPERIOR: PISTÓN FUNDIDO ATHENA 2 TIEMPOS Ø 71,94 MM + KIT JUNTAS PARTE SUPERIOR EXC 300 2013-2016;622;ATEN;KP+JA;90,07512066;222,4304;8053300717422;;;;1;0;1;87141010;ATHENA;;KITS PISTÓN;
;;;;;;;;;;;;;;;;;;;;;;;;;;;;;;;P4C0720045002C;KIT PISTONES PARTE SUPERIOR: PISTÓN FUNDIDO ATHENA 2 TIEMPOS Ø 71,95 MM + KIT JUNTAS PARTE SUPERIOR EXC 300 2013-2016;622;ATEN;KP+JA;90,07512066;222,4304;8053300717439;;;;1;0;1;87141010;ATHENA;;KITS PISTÓN;
;;;;;;;;;;;;;;;;;;;;;;;;;;;;;;;P4C0720045002D;KIT PISTONES PARTE SUPERIOR: PISTÓN FUNDIDO ATHENA 2 TIEMPOS Ø 71,96 MM + KIT JUNTAS PARTE SUPERIOR EXC 300 2013-2016;622;ATEN;KP+JA;90,07512066;222,4304;8053300717446;;;;1;0;1;87141010;ATHENA;;KITS PISTÓN;
;;;;;;;;;;;;;;;;;;;;;;;;;;;;;;;P4C0720083002A;KIT PISTONES PARTE SUPERIOR: PISTÓN FUNDIDO ATHENA 2 TIEMPOS Ø 71,93 MM + KIT JUNTAS PARTE SUPERIOR EC 300 2T 2021-2023;622;ATEN;KP+JA;90,07512066;222,4304;8053300717453;;;;1;0;1;87141010;ATHENA;;KITS PISTÓN;
;;;;;;;;;;;;;;;;;;;;;;;;;;;;;;;P4C0720083002B;KIT PISTONES PARTE SUPERIOR: PISTÓN FUNDIDO ATHENA 2 TIEMPOS Ø 71,94 MM + KIT JUNTAS PARTE SUPERIOR EC 300 2T 2021-2023;622;ATEN;KP+JA;104,7187504;258,5912;8050506053576;;;;1;0;1;87141010;ATHENA;;KITS PISTÓN;
;;;;;;;;;;;;;;;;;;;;;;;;;;;;;;;P4C0720083002C;KIT PISTONES PARTE SUPERIOR: PISTÓN FUNDIDO ATHENA 2 TIEMPOS Ø 71,95 MM + KIT JUNTAS PARTE SUPERIOR EC 300 2T 2021-2023;622;ATEN;KP+JA;104,7187504;258,5912;8050506053583;;;;1;0;1;87141010;ATHENA;;KITS PISTÓN;
;;;;;;;;;;;;;;;;;;;;;;;;;;;;;;;P4C0720083002D;KIT PISTONES PARTE SUPERIOR: PISTÓN FUNDIDO ATHENA 2 TIEMPOS Ø 71,96 MM + KIT JUNTAS PARTE SUPERIOR EC 300 2T 2021-2023;622;ATEN;KP+JA;104,7187504;258,5912;8050506053590;;;;1;0;1;87141010;ATHENA;;KITS PISTÓN;
;;;;;;;;;;;;;;;;;;;;;;;;;;;;;;;P4C0720096002A;KIT PISTONES PARTE SUPERIOR: PISTÓN FUNDIDO ATHENA 2T Ø 71,93MM + KIT JUNTAS PARTE SUPERIOR KTM EXC 300 '24;622;ATEN;KP+JA;104,7187504;258,5912;8050506053606;;;;1;0;1;87141010;ATHENA;;KITS PISTÓN;
;;;;;;;;;;;;;;;;;;;;;;;;;;;;;;;P4C0720096002B;KIT PISTONES PARTE SUPERIOR: PISTÓN FUNDIDO ATHENA 2T Ø 71,94MM + KIT JUNTAS PARTE SUPERIOR KTM EXC 300 '24;622;ATEN;KP+JA;89,4328562;220,8444;8053300717392;;;;1;0;1;87141010;ATHENA;;KITS PISTÓN;
;;;;;;;;;;;;;;;;;;;;;;;;;;;;;;;P4C0720096002C;KIT PISTONES PARTE SUPERIOR: PISTÓN FUNDIDO ATHENA 2T Ø 71,95MM + KIT JUNTAS PARTE SUPERIOR KTM EXC 300 '24;622;ATEN;KP+JA;89,4328562;220,8444;8053300717408;;;;1;0;1;87141010;ATHENA;;KITS PISTÓN;
;;;;;;;;;;;;;;;;;;;;;;;;;;;;;;;P4C0720096002D;KIT PISTONES PARTE SUPERIOR: PISTÓN FUNDIDO ATHENA 2T Ø 71,96MM + KIT JUNTAS PARTE SUPERIOR KTM EXC 300 '24;622;ATEN;KP+JA;89,4328562;220,8444;8053300717415;;;;1;0;1;87141010;ATHENA;;KITS PISTÓN;
;;;;;;;;;;;;;;;;;;;;;;;;;;;;;;;P4F0664267019A;KIT PISTONES PARTE SUPERIOR: PISTÓN FORJADO ATHENA 2 TIEMPOS Ø 66,34 MM + KIT JUNTAS PARTE SUPERIOR YZ 250 2T 1999-2024;622;ATEN;KP+JA;99,63498017;246,0374;8053300714995;;;;1;0;1;87141010;ATHENA;;KITS PISTÓN;
;;;;;;;;;;;;;;;;;;;;;;;;;;;;;;;P4F0664267019B;KIT PISTONES PARTE SUPERIOR: PISTÓN FORJADO ATHENA 2 TIEMPOS Ø 66,35 MM + KIT JUNTAS PARTE SUPERIOR YZ 250 2T 1999-2024;622;ATEN;KP+JA;99,63498017;246,0374;8053300715152;;;;1;0;1;87141010;ATHENA;;KITS PISTÓN;
;;;;;;;;;;;;;;;;;;;;;;;;;;;;;;;P4F0664267019C;KIT PISTONES PARTE SUPERIOR: PISTÓN FORJADO ATHENA 2 TIEMPOS Ø 66,36 MM + KIT JUNTAS PARTE SUPERIOR YZ 250 2T 1999-2024;622;ATEN;KP+JA;99,63498017;246,0374;8053300715312;;;;1;0;1;87141010;ATHENA;;KITS PISTÓN;
;;;;;;;;;;;;;;;;;;;;;;;;;;;;;;;P5F0768245001A;KIT PISTONES PARTE SUPERIOR: PISTÓN FORJADO ATHENA 4 TIEMPOS Ø 76,75 MM + KIT JUNTAS PARTE SUPERIOR CRF 250 R 2010-2013;622;ATEN;KP+JA;99,63498017;246,0374;8053300715008;;;;1;0;1;87141010;ATHENA;;KITS PISTÓN;
;;;;;;;;;;;;;;;;;;;;;;;;;;;;;;;P5F0768245001B;KIT PISTONES PARTE SUPERIOR: PISTÓN FORJADO ATHENA 4 TIEMPOS Ø 76,76 MM + KIT JUNTAS PARTE SUPERIOR CRF 250 R 2010-2013;622;ATEN;KP+JA;99,63498017;246,0374;8053300715169;;;;1;0;1;87141010;ATHENA;;KITS PISTÓN;
;;;;;;;;;;;;;;;;;;;;;;;;;;;;;;;P5F0768245001C;KIT PISTONES PARTE SUPERIOR: PISTÓN FORJADO ATHENA 4 TIEMPOS Ø 76,77 MM + KIT JUNTAS PARTE SUPERIOR CRF 250 R 2010-2013;622;ATEN;KP+JA;99,63498017;246,0374;8053300715329;;;;1;0;1;87141010;ATHENA;;KITS PISTÓN;
;;;;;;;;;;;;;;;;;;;;;;;;;;;;;;;P5F0768245002A;KIT PISTONES PARTE SUPERIOR: PISTÓN FORJADO ATHENA 4 TIEMPOS Ø 76,75 MM + KIT JUNTAS PARTE SUPERIOR CRF 250 R 2014-2015;622;ATEN;KP+JA;99,63498017;246,0374;8053300715015;;;;1;0;1;87141010;ATHENA;;KITS PISTÓN;
;;;;;;;;;;;;;;;;;;;;;;;;;;;;;;;P5F0768245002B;KIT PISTONES PARTE SUPERIOR: PISTÓN FORJADO ATHENA 4 TIEMPOS Ø 76,76 MM + KIT JUNTAS PARTE SUPERIOR CRF 250 R 2014-2015;622;ATEN;KP+JA;99,63498017;246,0374;8053300715176;;;;1;0;1;87141010;ATHENA;;KITS PISTÓN;
;;;;;;;;;;;;;;;;;;;;;;;;;;;;;;;P5F0768245002C;KIT PISTONES PARTE SUPERIOR: PISTÓN FORJADO ATHENA 4 TIEMPOS Ø 76,77 MM + KIT JUNTAS PARTE SUPERIOR CRF 250 R 2014-2015;622;ATEN;KP+JA;99,63498017;246,0374;8053300715336;;;;1;0;1;87141010;ATHENA;;KITS PISTÓN;
;;;;;;;;;;;;;;;;;;;;;;;;;;;;;;;P5F0768245003A;KIT PISTONES PARTE SUPERIOR: PISTÓN FORJADO ATHENA 4 TIEMPOS Ø 76,75 MM + KIT JUNTAS PARTE SUPERIOR CRF 250 R 2016-2017;622;ATEN;KP+JA;102,1990975;252,3692;8053300715046;;;;1;0;1;87141010;ATHENA;;KITS PISTÓN;
;;;;;;;;;;;;;;;;;;;;;;;;;;;;;;;P5F0768245003B;KIT PISTONES PARTE SUPERIOR: PISTÓN FORJADO ATHENA 4 TIEMPOS Ø 76,76 MM + KIT JUNTAS PARTE SUPERIOR CRF 250 R 2016-2017;622;ATEN;KP+JA;102,1990975;252,3692;8053300715206;;;;1;0;1;87141010;ATHENA;;KITS PISTÓN;
;;;;;;;;;;;;;;;;;;;;;;;;;;;;;;;P5F0768245003C;KIT PISTONES PARTE SUPERIOR: PISTÓN FORJADO ATHENA 4 TIEMPOS Ø 76,77 MM + KIT JUNTAS PARTE SUPERIOR CRF 250 R 2016-2017;622;ATEN;KP+JA;102,1990975;252,3692;8053300715367;;;;1;0;1;87141010;ATHENA;;KITS PISTÓN;
;;;;;;;;;;;;;;;;;;;;;;;;;;;;;;;P5F0770039007A;KIT PISTONES PARTE SUPERIOR: PISTÓN FORJADO ATHENA 4 TIEMPOS Ø 76,96 MM + KIT JUNTAS PARTE SUPERIOR WR 250 F 2008-2013;622;ATEN;KP+JA;105,0448231;259,3964;8050506050926;;;;1;0;1;87141010;ATHENA;;KITS PISTÓN;
;;;;;;;;;;;;;;;;;;;;;;;;;;;;;;;P5F0770039007B;KIT PISTONES PARTE SUPERIOR: PISTÓN FORJADO ATHENA 4 TIEMPOS Ø 76,97 MM + KIT JUNTAS PARTE SUPERIOR WR 250 F 2008-2013;622;ATEN;KP+JA;105,0448231;259,3964;8050506050933;;;;1;0;1;87141010;ATHENA;;KITS PISTÓN;
;;;;;;;;;;;;;;;;;;;;;;;;;;;;;;;P5F0770039007C;KIT PISTONES PARTE SUPERIOR: PISTÓN FORJADO ATHENA 4 TIEMPOS Ø 76,98 MM + KIT JUNTAS PARTE SUPERIOR WR 250 F 2008-2013;622;ATEN;KP+JA;105,0448231;259,3964;8050506050940;;;;1;0;1;87141010;ATHENA;;KITS PISTÓN;
;;;;;;;;;;;;;;;;;;;;;;;;;;;;;;;P5F0770047001A;KIT PISTONES PARTE SUPERIOR: PISTÓN FORJADO ATHENA 4 TIEMPOS Ø 76,96 MM + KIT JUNTAS PARTE SUPERIOR KX 250 F 2011-2014;622;ATEN;KP+JA;105,0448231;259,3964;8050506050896;;;;1;0;1;87141010;ATHENA;;KITS PISTÓN;
;;;;;;;;;;;;;;;;;;;;;;;;;;;;;;;P5F0770047001B;KIT PISTONES PARTE SUPERIOR: PISTÓN FORJADO ATHENA 4 TIEMPOS Ø 76,97 MM + KIT JUNTAS PARTE SUPERIOR KX 250 F 2011-2014;622;ATEN;KP+JA;105,0448231;259,3964;8050506050902;;;;1;0;1;87141010;ATHENA;;KITS PISTÓN;
;;;;;;;;;;;;;;;;;;;;;;;;;;;;;;;P5F0770047001C;KIT PISTONES PARTE SUPERIOR: PISTÓN FORJADO ATHENA 4 TIEMPOS Ø 76,98 MM + KIT JUNTAS PARTE SUPERIOR KX 250 F 2011-2014;622;ATEN;KP+JA;105,0448231;259,3964;8050506050919;;;;1;0;1;87141010;ATHENA;;KITS PISTÓN;
;;;;;;;;;;;;;;;;;;;;;;;;;;;;;;;P5F0770047002A;KIT PISTONES PARTE SUPERIOR: PISTÓN FORJADO ATHENA 4 TIEMPOS Ø 76,96 MM + KIT JUNTAS PARTE SUPERIOR KX 250 F 2015-2016;622;ATEN;KP+JA;105,0448231;259,3964;8050506050865;;;;1;0;1;87141010;ATHENA;;KITS PISTÓN;
;;;;;;;;;;;;;;;;;;;;;;;;;;;;;;;P5F0770047002B;KIT PISTONES PARTE SUPERIOR: PISTÓN FORJADO ATHENA 4 TIEMPOS Ø 76,97 MM + KIT JUNTAS PARTE SUPERIOR KX 250 F 2015-2016;622;ATEN;KP+JA;105,0448231;259,3964;8050506050872;;;;1;0;1;87141010;ATHENA;;KITS PISTÓN;
;;;;;;;;;;;;;;;;;;;;;;;;;;;;;;;P5F0770047002C;KIT PISTONES PARTE SUPERIOR: PISTÓN FORJADO ATHENA 4 TIEMPOS Ø 76,98 MM + KIT JUNTAS PARTE SUPERIOR KX 250 F 2015-2016;622;ATEN;KP+JA;105,0448231;259,3964;8050506050889;;;;1;0;1;87141010;ATHENA;;KITS PISTÓN;
;;;;;;;;;;;;;;;;;;;;;;;;;;;;;;;P5F0770067006A;KIT PISTONES PARTE SUPERIOR: PISTÓN FORJADO ATHENA 4 TIEMPOS Ø 76,96 MM + KIT JUNTAS PARTE SUPERIOR KX 250 F 2017-2019;622;ATEN;KP+JA;102,4115388;252,8938;8053300715145;;;;1;0;1;87141010;ATHENA;;KITS PISTÓN;
;;;;;;;;;;;;;;;;;;;;;;;;;;;;;;;P5F0770067006B;KIT PISTONES PARTE SUPERIOR: PISTÓN FORJADO ATHENA 4 TIEMPOS Ø 76,97 MM + KIT JUNTAS PARTE SUPERIOR KX 250 F 2017-2019;622;ATEN;KP+JA;102,4115388;252,8938;8053300715305;;;;1;0;1;87141010;ATHENA;;KITS PISTÓN;
;;;;;;;;;;;;;;;;;;;;;;;;;;;;;;;P5F0770067006C;KIT PISTONES PARTE SUPERIOR: PISTÓN FORJADO ATHENA 4 TIEMPOS Ø 76,98 MM + KIT JUNTAS PARTE SUPERIOR KX 250 F 2017-2019;622;ATEN;KP+JA;102,4115388;252,8938;8053300715466;;;;1;0;1;87141010;ATHENA;;KITS PISTÓN;
;;;;;;;;;;;;;;;;;;;;;;;;;;;;;;;P5F0770098004A;KIT PISTONES PARTE SUPERIOR: PISTÓN FORJADO ATHENA 4 TIEMPOS Ø 76,95 MM + KIT JUNTAS PARTE SUPERIOR RM-Z 250 2010-2018;622;ATEN;KP+JA;103,3304711;255,163;8053300719457;;;;1;0;1;87141010;ATHENA;;KITS PISTÓN;
;;;;;;;;;;;;;;;;;;;;;;;;;;;;;;;P5F0770098004B;KIT PISTONES PARTE SUPERIOR: PISTÓN FORJADO ATHENA 4 TIEMPOS Ø 76,96 MM + KIT JUNTAS PARTE SUPERIOR RM-Z 250 2010-2018;622;ATEN;KP+JA;103,3304711;255,163;8053300719464;;;;1;0;1;87141010;ATHENA;;KITS PISTÓN;
;;;;;;;;;;;;;;;;;;;;;;;;;;;;;;;P5F0770098004C;KIT PISTONES PARTE SUPERIOR: PISTÓN FORJADO ATHENA 4 TIEMPOS Ø 76,97 MM + KIT JUNTAS PARTE SUPERIOR RM-Z 250 2010-2018;622;ATEN;KP+JA;103,3304711;255,163;8053300719471;;;;1;0;1;87141010;ATHENA;;KITS PISTÓN;
;;;;;;;;;;;;;;;;;;;;;;;;;;;;;;;P5F0770099004A;KIT PISTONES PARTE SUPERIOR: PISTÓN FORJADO ATHENA 4 TIEMPOS Ø 76,95 MM + KIT JUNTAS PARTE SUPERIOR RM-Z 250 2019-2024;622;ATEN;KP+JA;102,1990975;252,3692;8053300715053;;;;1;0;1;87141010;ATHENA;;KITS PISTÓN;
;;;;;;;;;;;;;;;;;;;;;;;;;;;;;;;P5F0770099004B;KIT PISTONES PARTE SUPERIOR: PISTÓN FORJADO ATHENA 4 TIEMPOS Ø 76,96 MM + KIT JUNTAS PARTE SUPERIOR RM-Z 250 2019-2024;622;ATEN;KP+JA;102,1990975;252,3692;8053300715213;;;;1;0;1;87141010;ATHENA;;KITS PISTÓN;
;;;;;;;;;;;;;;;;;;;;;;;;;;;;;;;P5F0770099004C;KIT PISTONES PARTE SUPERIOR: PISTÓN FORJADO ATHENA 4 TIEMPOS Ø 76,97 MM + KIT JUNTAS PARTE SUPERIOR RM-Z 250 2019-2024;622;ATEN;KP+JA;102,1990975;252,3692;8053300715374;;;;1;0;1;87141010;ATHENA;;KITS PISTÓN;
;;;;;;;;;;;;;;;;;;;;;;;;;;;;;;;P5F0770187008A;KIT PISTONES PARTE SUPERIOR: PISTÓN FORJADO ATHENA 4 TIEMPOS Ø 76,96 MM + KIT JUNTAS PARTE SUPERIOR WR 250 F 2015-2015;622;ATEN;KP+JA;99,46700331;245,6226;8053300715060;;;;1;0;1;87141010;ATHENA;;KITS PISTÓN;
;;;;;;;;;;;;;;;;;;;;;;;;;;;;;;;P5F0770187008B;KIT PISTONES PARTE SUPERIOR: PISTÓN FORJADO ATHENA 4 TIEMPOS Ø 76,97 MM + KIT JUNTAS PARTE SUPERIOR WR 250 F 2015-2015;622;ATEN;KP+JA;99,46700331;245,6226;8053300715220;;;;1;0;1;87141010;ATHENA;;KITS PISTÓN;
;;;;;;;;;;;;;;;;;;;;;;;;;;;;;;;P5F0770187008C;KIT PISTONES PARTE SUPERIOR: PISTÓN FORJADO ATHENA 4 TIEMPOS Ø 76,98 MM + KIT JUNTAS PARTE SUPERIOR WR 250 F 2015-2015;622;ATEN;KP+JA;99,46700331;245,6226;8053300715381;;;;1;0;1;87141010;ATHENA;;KITS PISTÓN;
;;;;;;;;;;;;;;;;;;;;;;;;;;;;;;;P5F0770187009A;KIT PISTONES PARTE SUPERIOR: PISTÓN FORJADO ATHENA 4 TIEMPOS Ø 76,95 MM + KIT JUNTAS PARTE SUPERIOR WR 250 F 2018-2018;622;ATEN;KP+JA;106,1514942;262,1292;8053300715077;;;;1;0;1;87141010;ATHENA;;KITS PISTÓN;
;;;;;;;;;;;;;;;;;;;;;;;;;;;;;;;P5F0770187009B;KIT PISTONES PARTE SUPERIOR: PISTÓN FORJADO ATHENA 4 TIEMPOS Ø 76,96 MM + KIT JUNTAS PARTE SUPERIOR WR 250 F 2018-2018;622;ATEN;KP+JA;106,1514942;262,1292;8053300715237;;;;1;0;1;87141010;ATHENA;;KITS PISTÓN;
;;;;;;;;;;;;;;;;;;;;;;;;;;;;;;;P5F0770187009C;KIT PISTONES PARTE SUPERIOR: PISTÓN FORJADO ATHENA 4 TIEMPOS Ø 76,97 MM + KIT JUNTAS PARTE SUPERIOR WR 250 F 2018-2018;622;ATEN;KP+JA;106,1514942;262,1292;8053300715398;;;;1;0;1;87141010;ATHENA;;KITS PISTÓN;
;;;;;;;;;;;;;;;;;;;;;;;;;;;;;;;P5F0770212009A;KIT PISTONES PARTE SUPERIOR: PISTÓN FORJADO ATHENA 4 TIEMPOS Ø 76,95 MM + KIT JUNTAS PARTE SUPERIOR WR 250 F 2020-2024;622;ATEN;KP+JA;109,2195421;269,7054;8053300715084;;;;1;0;1;87141010;ATHENA;;KITS PISTÓN;
;;;;;;;;;;;;;;;;;;;;;;;;;;;;;;;P5F0770212009B;KIT PISTONES PARTE SUPERIOR: PISTÓN FORJADO ATHENA 4 TIEMPOS Ø 76,96 MM + KIT JUNTAS PARTE SUPERIOR WR 250 F 2020-2024;622;ATEN;KP+JA;109,2195421;269,7054;8053300715244;;;;1;0;1;87141010;ATHENA;;KITS PISTÓN;
;;;;;;;;;;;;;;;;;;;;;;;;;;;;;;;P5F0770212009C;KIT PISTONES PARTE SUPERIOR: PISTÓN FORJADO ATHENA 4 TIEMPOS Ø 76,97 MM + KIT JUNTAS PARTE SUPERIOR WR 250 F 2020-2024;622;ATEN;KP+JA;109,2195421;269,7054;8053300715404;;;;1;0;1;87141010;ATHENA;;KITS PISTÓN;
;;;;;;;;;;;;;;;;;;;;;;;;;;;;;;;P5F0780063001A;KIT PISTONES PARTE SUPERIOR: PISTÓN FORJADO ATHENA 4 TIEMPOS Ø 77,95 MM + KIT JUNTAS PARTE SUPERIOR FC 250 2014-2015;622;ATEN;KP+JA;105,0448231;259,3964;8053300715138;;;;1;0;1;87141010;ATHENA;;KITS PISTÓN;
;;;;;;;;;;;;;;;;;;;;;;;;;;;;;;;P5F0780063001B;KIT PISTONES PARTE SUPERIOR: PISTÓN FORJADO ATHENA 4 TIEMPOS Ø 77,96 MM + KIT JUNTAS PARTE SUPERIOR FC 250 2014-2015;622;ATEN;KP+JA;105,0448231;259,3964;8053300715299;;;;1;0;1;87141010;ATHENA;;KITS PISTÓN;
;;;;;;;;;;;;;;;;;;;;;;;;;;;;;;;P5F0780063001C;KIT PISTONES PARTE SUPERIOR: PISTÓN FORJADO ATHENA 4 TIEMPOS Ø 77,97 MM + KIT JUNTAS PARTE SUPERIOR FC 250 2014-2015;622;ATEN;KP+JA;105,0448231;259,3964;8053300715459;;;;1;0;1;87141010;ATHENA;;KITS PISTÓN;
;;;;;;;;;;;;;;;;;;;;;;;;;;;;;;;P5F0780069003A;KIT PISTONES PARTE SUPERIOR: PISTÓN FORJADO ATHENA 4 TIEMPOS Ø 77,96 MM + KIT JUNTAS PARTE SUPERIOR KX 250 4T 2020-2020;622;ATEN;KP+JA;105,0448231;259,3964;8053300719426;;;;1;0;1;87141010;ATHENA;;KITS PISTÓN;
;;;;;;;;;;;;;;;;;;;;;;;;;;;;;;;P5F0780069003B;KIT PISTONES PARTE SUPERIOR: PISTÓN FORJADO ATHENA 4 TIEMPOS Ø 77,97 MM + KIT JUNTAS PARTE SUPERIOR KX 250 4T 2020-2020;622;ATEN;KP+JA;105,0448231;259,3964;8053300719433;;;;1;0;1;87141010;ATHENA;;KITS PISTÓN;
;;;;;;;;;;;;;;;;;;;;;;;;;;;;;;;P5F0780069003C;KIT PISTONES PARTE SUPERIOR: PISTÓN FORJADO ATHENA 4 TIEMPOS Ø 77,98 MM + KIT JUNTAS PARTE SUPERIOR KX 250 4T 2020-2020;622;ATEN;KP+JA;105,0448231;259,3964;8053300719440;;;;1;0;1;87141010;ATHENA;;KITS PISTÓN;
;;;;;;;;;;;;;;;;;;;;;;;;;;;;;;;P5F0780071004A;KIT PISTONES PARTE SUPERIOR: PISTÓN FORJADO ATHENA 4 TIEMPOS Ø 77,96 MM + KIT JUNTAS PARTE SUPERIOR KX 250 4T 2021-2023;622;ATEN;KP+JA;109,2195421;269,7054;8053300715107;;;;1;0;1;87141010;ATHENA;;KITS PISTÓN;
;;;;;;;;;;;;;;;;;;;;;;;;;;;;;;;P5F0780071004B;KIT PISTONES PARTE SUPERIOR: PISTÓN FORJADO ATHENA 4 TIEMPOS Ø 77,97 MM + KIT JUNTAS PARTE SUPERIOR KX 250 4T 2021-2023;622;ATEN;KP+JA;109,2195421;269,7054;8053300715268;;;;1;0;1;87141010;ATHENA;;KITS PISTÓN;
;;;;;;;;;;;;;;;;;;;;;;;;;;;;;;;P5F0780071004C;KIT PISTONES PARTE SUPERIOR: PISTÓN FORJADO ATHENA 4 TIEMPOS Ø 77,98 MM + KIT JUNTAS PARTE SUPERIOR KX 250 4T 2021-2023;622;ATEN;KP+JA;109,2195421;269,7054;8053300715428;;;;1;0;1;87141010;ATHENA;;KITS PISTÓN;
;;;;;;;;;;;;;;;;;;;;;;;;;;;;;;;P5F0780074001A;KIT PISTONES PARTE SUPERIOR: PISTÓN FORJADO ATHENA 4 TIEMPOS Ø 77,95 MM + KIT JUNTAS PARTE SUPERIOR FE 250 2016-2016;622;ATEN;KP+JA;96,86830248;239,2054;8053300715114;;;;1;0;1;87141010;ATHENA;;KITS PISTÓN;
;;;;;;;;;;;;;;;;;;;;;;;;;;;;;;;P5F0780074001B;KIT PISTONES PARTE SUPERIOR: PISTÓN FORJADO ATHENA 4 TIEMPOS Ø 77,96 MM + KIT JUNTAS PARTE SUPERIOR FE 250 2016-2016;622;ATEN;KP+JA;96,86830248;239,2054;8053300715275;;;;1;0;1;87141010;ATHENA;;KITS PISTÓN;
;;;;;;;;;;;;;;;;;;;;;;;;;;;;;;;P5F0780074001C;KIT PISTONES PARTE SUPERIOR: PISTÓN FORJADO ATHENA 4 TIEMPOS Ø 77,97 MM + KIT JUNTAS PARTE SUPERIOR FE 250 2016-2016;622;ATEN;KP+JA;96,86830248;239,2054;8053300715435;;;;1;0;1;87141010;ATHENA;;KITS PISTÓN;
;;;;;;;;;;;;;;;;;;;;;;;;;;;;;;;P5F0780078001A;KIT PISTONES PARTE SUPERIOR: PISTÓN FORJADO ATHENA 4 TIEMPOS Ø 77,95 MM + KIT JUNTAS PARTE SUPERIOR FE 250 2017-2019;622;ATEN;KP+JA;96,86830248;239,2054;8053300715091;;;;1;0;1;87141010;ATHENA;;KITS PISTÓN;
;;;;;;;;;;;;;;;;;;;;;;;;;;;;;;;P5F0780078001B;KIT PISTONES PARTE SUPERIOR: PISTÓN FORJADO ATHENA 4 TIEMPOS Ø 77,96 MM + KIT JUNTAS PARTE SUPERIOR FE 250 2017-2019;622;ATEN;KP+JA;96,86830248;239,2054;8053300715251;;;;1;0;1;87141010;ATHENA;;KITS PISTÓN;
;;;;;;;;;;;;;;;;;;;;;;;;;;;;;;;P5F0780078001C;KIT PISTONES PARTE SUPERIOR: PISTÓN FORJADO ATHENA 4 TIEMPOS Ø 77,97 MM + KIT JUNTAS PARTE SUPERIOR FE 250 2017-2019;622;ATEN;KP+JA;96,86830248;239,2054;8053300715411;;;;1;0;1;87141010;ATHENA;;KITS PISTÓN;
;;;;;;;;;;;;;;;;;;;;;;;;;;;;;;;P5F0780078002A;KIT PISTONES PARTE SUPERIOR: PISTÓN FORJADO ATHENA 4 TIEMPOS Ø 77,96 MM + KIT JUNTAS PARTE SUPERIOR MC 250 F 2021-2023;622;ATEN;KP+JA;102,6931471;253,5892;8053300715121;;;;1;0;1;87141010;ATHENA;;KITS PISTÓN;
;;;;;;;;;;;;;;;;;;;;;;;;;;;;;;;P5F0780078002B;KIT PISTONES PARTE SUPERIOR: PISTÓN FORJADO ATHENA 4 TIEMPOS Ø 77,97 MM + KIT JUNTAS PARTE SUPERIOR MC 250 F 2021-2023;622;ATEN;KP+JA;102,6931471;253,5892;8053300715282;;;;1;0;1;87141010;ATHENA;;KITS PISTÓN;
;;;;;;;;;;;;;;;;;;;;;;;;;;;;;;;P5F0780078002C;KIT PISTONES PARTE SUPERIOR: PISTÓN FORJADO ATHENA 4 TIEMPOS Ø 77,98 MM + KIT JUNTAS PARTE SUPERIOR MC 250 F 2021-2023;622;ATEN;KP+JA;102,6931471;253,5892;8053300715442;;;;1;0;1;87141010;ATHENA;;KITS PISTÓN;
;;;;;;;;;;;;;;;;;;;;;;;;;;;;;;;P5F0780093001A;KIT PISTONES PARTE SUPERIOR: PISTÓN FORJADO ATHENA 4 TIEMPOS Ø 77,95 MM + KIT JUNTAS PARTE SUPERIOR EC 250 F 2021-2023;622;ATEN;KP+JA;107,8213818;266,2528;8053300715022;;;;1;0;1;87141010;ATHENA;;KITS PISTÓN;
;;;;;;;;;;;;;;;;;;;;;;;;;;;;;;;P5F0780093001B;KIT PISTONES PARTE SUPERIOR: PISTÓN FORJADO ATHENA 4 TIEMPOS Ø 77,96 MM + KIT JUNTAS PARTE SUPERIOR EC 250 F 2021-2023;622;ATEN;KP+JA;107,8213818;266,2528;8053300715183;;;;1;0;1;87141010;ATHENA;;KITS PISTÓN;
;;;;;;;;;;;;;;;;;;;;;;;;;;;;;;;P5F0780093001C;KIT PISTONES PARTE SUPERIOR: PISTÓN FORJADO ATHENA 4 TIEMPOS Ø 77,97 MM + KIT JUNTAS PARTE SUPERIOR EC 250 F 2021-2023;622;ATEN;KP+JA;107,8213818;266,2528;8053300715343;;;;1;0;1;87141010;ATHENA;;KITS PISTÓN;
;;;;;;;;;;;;;;;;;;;;;;;;;;;;;;;P5F0790319001A;KIT PISTONES PARTE SUPERIOR: PISTÓN FORJADO ATHENA 4 TIEMPOS Ø 78,95 MM + KIT JUNTAS PARTE SUPERIOR CRF 250 R 2018-2019;622;ATEN;KP+JA;107,8213818;266,2528;8053300715039;;;;1;0;1;87141010;ATHENA;;KITS PISTÓN;
;;;;;;;;;;;;;;;;;;;;;;;;;;;;;;;P5F0790319001B;KIT PISTONES PARTE SUPERIOR: PISTÓN FORJADO ATHENA 4 TIEMPOS Ø 78,96 MM + KIT JUNTAS PARTE SUPERIOR CRF 250 R 2018-2019;622;ATEN;KP+JA;107,8213818;266,2528;8053300715190;;;;1;0;1;87141010;ATHENA;;KITS PISTÓN;
;;;;;;;;;;;;;;;;;;;;;;;;;;;;;;;P5F0790319001C;KIT PISTONES PARTE SUPERIOR: PISTÓN FORJADO ATHENA 4 TIEMPOS Ø 78,97 MM + KIT JUNTAS PARTE SUPERIOR CRF 250 R 2018-2019;622;ATEN;KP+JA;107,8213818;266,2528;8053300715350;;;;1;0;1;87141010;ATHENA;;KITS PISTÓN;
;;;;;;;;;;;;;;;;;;;;;;;;;;;;;;;P5F0790319002A;KIT PISTONES PARTE SUPERIOR: PISTÓN FORJADO ATHENA 4 TIEMPOS Ø 78,95 MM + KIT JUNTAS PARTE SUPERIOR CRF 250 R 2020-2021;622;ATEN;KP+JA;108,9033504;268,9246;8053300719396;;;;1;0;1;87141010;ATHENA;;KITS PISTÓN;
;;;;;;;;;;;;;;;;;;;;;;;;;;;;;;;P5F0790319002B;KIT PISTONES PARTE SUPERIOR: PISTÓN FORJADO ATHENA 4 TIEMPOS Ø 78,96 MM + KIT JUNTAS PARTE SUPERIOR CRF 250 R 2020-2021;622;ATEN;KP+JA;108,9033504;268,9246;8053300719402;;;;1;0;1;87141010;ATHENA;;KITS PISTÓN;
;;;;;;;;;;;;;;;;;;;;;;;;;;;;;;;P5F0790319002C;KIT PISTONES PARTE SUPERIOR: PISTÓN FORJADO ATHENA 4 TIEMPOS Ø 78,97 MM + KIT JUNTAS PARTE SUPERIOR CRF 250 R 2020-2021;622;ATEN;KP+JA;108,9033504;268,9246;8053300719419;;;;1;0;1;87141010;ATHENA;;KITS PISTÓN;
;;;;;;;;;;;;;;;;;;;;;;;;;;;;;;;P5F0790323002A;KIT PISTONES PARTE SUPERIOR: PISTÓN FORJADO ATHENA 4 TIEMPOS Ø 78,95 MM + KIT JUNTAS PARTE SUPERIOR CRF 250 R 2022-2024;622;ATEN;KP+JA;122,2377488;301,8524;8053300718924;;;;1;0;1;87141010;ATHENA;;KITS PISTÓN;
;;;;;;;;;;;;;;;;;;;;;;;;;;;;;;;P5F0790323002B;KIT PISTONES PARTE SUPERIOR: PISTÓN FORJADO ATHENA 4 TIEMPOS Ø 78,96 MM + KIT JUNTAS PARTE SUPERIOR CRF 250 R 2022-2024;622;ATEN;KP+JA;122,2377488;301,8524;8053300718931;;;;1;0;1;87141010;ATHENA;;KITS PISTÓN;
;;;;;;;;;;;;;;;;;;;;;;;;;;;;;;;P5F0790323002C;KIT PISTONES PARTE SUPERIOR: PISTÓN FORJADO ATHENA 4 TIEMPOS Ø 78,97 MM + KIT JUNTAS PARTE SUPERIOR CRF 250 R 2022-2024;622;ATEN;KP+JA;122,2377488;301,8524;8053300718948;;;;1;0;1;87141010;ATHENA;;KITS PISTÓN;
;;;;;;;;;;;;;;;;;;;;;;;;;;;;;;;P5F0880061001A;KIT PISTONES PARTE SUPERIOR: PISTÓN FORJADO ATHENA 4 TIEMPOS Ø 87,95 MM + KIT JUNTAS PARTE SUPERIOR FC 350 2014-2015;622;ATEN;KP+JA;113,9673587;281,4296;8053300718894;;;;1;0;1;87141010;ATHENA;;KITS PISTÓN;
;;;;;;;;;;;;;;;;;;;;;;;;;;;;;;;P5F0880061001B;KIT PISTONES PARTE SUPERIOR: PISTÓN FORJADO ATHENA 4 TIEMPOS Ø 87,96 MM + KIT JUNTAS PARTE SUPERIOR FC 350 2014-2015;622;ATEN;KP+JA;113,9673587;281,4296;8053300718900;;;;1;0;1;87141010;ATHENA;;KITS PISTÓN;
;;;;;;;;;;;;;;;;;;;;;;;;;;;;;;;P5F0880061001C;KIT PISTONES PARTE SUPERIOR: PISTÓN FORJADO ATHENA 4 TIEMPOS Ø 87,97 MM + KIT JUNTAS PARTE SUPERIOR FC 350 2014-2015;622;ATEN;KP+JA;113,9673587;281,4296;8053300718917;;;;1;0;1;87141010;ATHENA;;KITS PISTÓN;
;;;;;;;;;;;;;;;;;;;;;;;;;;;;;;;P5F0880079001A;KIT PISTONES PARTE SUPERIOR: PISTÓN FORJADO ATHENA 4 TIEMPOS Ø 87,95 MM + KIT JUNTAS PARTE SUPERIOR FC 350 2016-2018;622;ATEN;KP+JA;113,9673587;281,4296;8053300718863;;;;1;0;1;87141010;ATHENA;;KITS PISTÓN;
;;;;;;;;;;;;;;;;;;;;;;;;;;;;;;;P5F0880079001B;KIT PISTONES PARTE SUPERIOR: PISTÓN FORJADO ATHENA 4 TIEMPOS Ø 87,96 MM + KIT JUNTAS PARTE SUPERIOR FC 350 2016-2018;622;ATEN;KP+JA;113,9673587;281,4296;8053300718870;;;;1;0;1;87141010;ATHENA;;KITS PISTÓN;
;;;;;;;;;;;;;;;;;;;;;;;;;;;;;;;P5F0880079001C;KIT PISTONES PARTE SUPERIOR: PISTÓN FORJADO ATHENA 4 TIEMPOS Ø 87,97 MM + KIT JUNTAS PARTE SUPERIOR FC 350 2016-2018;622;ATEN;KP+JA;113,9673587;281,4296;8053300718887;;;;1;0;1;87141010;ATHENA;;KITS PISTÓN;
;;;;;;;;;;;;;;;;;;;;;;;;;;;;;;;P5F0880090001A;KIT PISTONES PARTE SUPERIOR: PISTÓN FORJADO ATHENA 4 TIEMPOS Ø 87,95 MM + KIT JUNTAS PARTE SUPERIOR EC 350 F 2021-2023;622;ATEN;KP+JA;120,6864331;298,0216;8053300718832;;;;1;0;1;87141010;ATHENA;;KITS PISTÓN;
;;;;;;;;;;;;;;;;;;;;;;;;;;;;;;;P5F0880090001B;KIT PISTONES PARTE SUPERIOR: PISTÓN FORJADO ATHENA 4 TIEMPOS Ø 87,96 MM + KIT JUNTAS PARTE SUPERIOR EC 350 F 2021-2023;622;ATEN;KP+JA;120,6864331;298,0216;8053300718849;;;;1;0;1;87141010;ATHENA;;KITS PISTÓN;
;;;;;;;;;;;;;;;;;;;;;;;;;;;;;;;P5F0880090001C;KIT PISTONES PARTE SUPERIOR: PISTÓN FORJADO ATHENA 4 TIEMPOS Ø 87,97 MM + KIT JUNTAS PARTE SUPERIOR EC 350 F 2021-2023;622;ATEN;KP+JA;120,6864331;298,0216;8053300718856;;;;1;0;1;87141010;ATHENA;;KITS PISTÓN;
;;;;;;;;;;;;;;;;;;;;;;;;;;;;;;;P5F0950062001A;KIT PISTONES PARTE SUPERIOR: PISTÓN FORJADO ATHENA 4 TIEMPOS Ø 94,95 MM + KIT JUNTAS PARTE SUPERIOR SX-F 450 2013-2013;622;ATEN;KP+JA;120,6864331;298,0216;8053300718801;;;;1;0;1;87141010;ATHENA;;KITS PISTÓN;
;;;;;;;;;;;;;;;;;;;;;;;;;;;;;;;P5F0950062001B;KIT PISTONES PARTE SUPERIOR: PISTÓN FORJADO ATHENA 4 TIEMPOS Ø 94,96 MM + KIT JUNTAS PARTE SUPERIOR SX-F 450 2013-2013;622;ATEN;KP+JA;120,6864331;298,0216;8053300718818;;;;1;0;1;87141010;ATHENA;;KITS PISTÓN;
;;;;;;;;;;;;;;;;;;;;;;;;;;;;;;;P5F0950062001C;KIT PISTONES PARTE SUPERIOR: PISTÓN FORJADO ATHENA 4 TIEMPOS Ø 94,97 MM + KIT JUNTAS PARTE SUPERIOR SX-F 450 2013-2013;622;ATEN;KP+JA;120,6864331;298,0216;8053300718825;;;;1;0;1;87141010;ATHENA;;KITS PISTÓN;
;;;;;;;;;;;;;;;;;;;;;;;;;;;;;;;P5F0950071001A;KIT PISTONES PARTE SUPERIOR: PISTÓN FORJADO ATHENA 4 TIEMPOS Ø 94,95 MM + KIT JUNTAS PARTE SUPERIOR FC 450 2014-2015;622;ATEN;KP+JA;108,251205;267,3142;8053300718771;;;;1;0;1;87141010;ATHENA;;KITS PISTÓN;
;;;;;;;;;;;;;;;;;;;;;;;;;;;;;;;P5F0950071001B;KIT PISTONES PARTE SUPERIOR: PISTÓN FORJADO ATHENA 4 TIEMPOS Ø 94,96 MM + KIT JUNTAS PARTE SUPERIOR FC 450 2014-2015;622;ATEN;KP+JA;108,251205;267,3142;8053300718788;;;;1;0;1;87141010;ATHENA;;KITS PISTÓN;
;;;;;;;;;;;;;;;;;;;;;;;;;;;;;;;P5F0950071001C;KIT PISTONES PARTE SUPERIOR: PISTÓN FORJADO ATHENA 4 TIEMPOS Ø 94,97 MM + KIT JUNTAS PARTE SUPERIOR FC 450 2014-2015;622;ATEN;KP+JA;108,251205;267,3142;8053300718795;;;;1;0;1;87141010;ATHENA;;KITS PISTÓN;
;;;;;;;;;;;;;;;;;;;;;;;;;;;;;;;P5F0950081001A;KIT PISTONES PARTE SUPERIOR: PISTÓN FORJADO ATHENA 4 TIEMPOS Ø 94,95 MM + KIT JUNTAS PARTE SUPERIOR FC 450 2016-2019;622;ATEN;KP+JA;108,251205;267,3142;8053300718740;;;;1;0;1;87141010;ATHENA;;KITS PISTÓN;
;;;;;;;;;;;;;;;;;;;;;;;;;;;;;;;P5F0950081001B;KIT PISTONES PARTE SUPERIOR: PISTÓN FORJADO ATHENA 4 TIEMPOS Ø 94,96 MM + KIT JUNTAS PARTE SUPERIOR FC 450 2016-2019;622;ATEN;KP+JA;108,251205;267,3142;8053300718757;;;;1;0;1;87141010;ATHENA;;KITS PISTÓN;
;;;;;;;;;;;;;;;;;;;;;;;;;;;;;;;P5F0950081001C;KIT PISTONES PARTE SUPERIOR: PISTÓN FORJADO ATHENA 4 TIEMPOS Ø 94,97 MM + KIT JUNTAS PARTE SUPERIOR FC 450 2016-2019;622;ATEN;KP+JA;108,251205;267,3142;8053300718764;;;;1;0;1;87141010;ATHENA;;KITS PISTÓN;
;;;;;;;;;;;;;;;;;;;;;;;;;;;;;;;P5F0950081002A;KIT PISTONES PARTE SUPERIOR: PISTÓN FORJADO ATHENA 4 TIEMPOS Ø 94,95 MM + KIT JUNTAS PARTE SUPERIOR EX 450 F 2021-2023;622;ATEN;KP+JA;121,2545901;299,4246;8053300719198;;;;1;0;1;87141010;ATHENA;;KITS PISTÓN;
;;;;;;;;;;;;;;;;;;;;;;;;;;;;;;;P5F0950081002B;KIT PISTONES PARTE SUPERIOR: PISTÓN FORJADO ATHENA 4 TIEMPOS Ø 94,96 MM + KIT JUNTAS PARTE SUPERIOR EX 450 F 2021-2023;622;ATEN;KP+JA;121,2545901;299,4246;8053300719204;;;;1;0;1;87141010;ATHENA;;KITS PISTÓN;
;;;;;;;;;;;;;;;;;;;;;;;;;;;;;;;P5F0950081002C;KIT PISTONES PARTE SUPERIOR: PISTÓN FORJADO ATHENA 4 TIEMPOS Ø 94,97 MM + KIT JUNTAS PARTE SUPERIOR EX 450 F 2021-2023;622;ATEN;KP+JA;121,2545901;299,4246;8053300719211;;;;1;0;1;87141010;ATHENA;;KITS PISTÓN;
;;;;;;;;;;;;;;;;;;;;;;;;;;;;;;;P5F0960055002A;KIT PISTONES PARTE SUPERIOR: PISTÓN FORJADO ATHENA 4 TIEMPOS Ø 95,95 MM + KIT JUNTAS PARTE SUPERIOR KX 450 2010-2014;622;ATEN;KP+JA;121,2545901;299,4246;8053300719167;;;;1;0;1;87141010;ATHENA;;KITS PISTÓN;
;;;;;;;;;;;;;;;;;;;;;;;;;;;;;;;P5F0960055002B;KIT PISTONES PARTE SUPERIOR: PISTÓN FORJADO ATHENA 4 TIEMPOS Ø 95,96 MM + KIT JUNTAS PARTE SUPERIOR KX 450 2010-2014;622;ATEN;KP+JA;121,2545901;299,4246;8053300719174;;;;1;0;1;87141010;ATHENA;;KITS PISTÓN;
;;;;;;;;;;;;;;;;;;;;;;;;;;;;;;;P5F0960055002C;KIT PISTONES PARTE SUPERIOR: PISTÓN FORJADO ATHENA 4 TIEMPOS Ø 95,97 MM + KIT JUNTAS PARTE SUPERIOR KX 450 2010-2014;622;ATEN;KP+JA;121,2545901;299,4246;8053300719181;;;;1;0;1;87141010;ATHENA;;KITS PISTÓN;
;;;;;;;;;;;;;;;;;;;;;;;;;;;;;;;P5F0960055005A;KIT PISTONES PARTE SUPERIOR: PISTÓN FORJADO ATHENA 4 TIEMPOS Ø 95,95 MM + KIT JUNTAS PARTE SUPERIOR KX 450 2015-2015;622;ATEN;KP+JA;120,6419686;297,9118;8053300719228;;;;1;0;1;87141010;ATHENA;;KITS PISTÓN;
;;;;;;;;;;;;;;;;;;;;;;;;;;;;;;;P5F0960055005B;KIT PISTONES PARTE SUPERIOR: PISTÓN FORJADO ATHENA 4 TIEMPOS Ø 95,96 MM + KIT JUNTAS PARTE SUPERIOR KX 450 2015-2015;622;ATEN;KP+JA;120,6419686;297,9118;8053300719235;;;;1;0;1;87141010;ATHENA;;KITS PISTÓN;
;;;;;;;;;;;;;;;;;;;;;;;;;;;;;;;P5F0960055005C;KIT PISTONES PARTE SUPERIOR: PISTÓN FORJADO ATHENA 4 TIEMPOS Ø 95,97 MM + KIT JUNTAS PARTE SUPERIOR KX 450 2015-2015;622;ATEN;KP+JA;120,6419686;297,9118;8053300719242;;;;1;0;1;87141010;ATHENA;;KITS PISTÓN;
;;;;;;;;;;;;;;;;;;;;;;;;;;;;;;;P5F0960061004A;KIT PISTONES PARTE SUPERIOR: PISTÓN FORJADO ATHENA 4 TIEMPOS Ø 95,95 MM + KIT JUNTAS PARTE SUPERIOR RM-Z 450 2013-2024;622;ATEN;KP+JA;116,531476;287,7614;8053300719136;;;;1;0;1;87141010;ATHENA;;KITS PISTÓN;
;;;;;;;;;;;;;;;;;;;;;;;;;;;;;;;P5F0960061004B;KIT PISTONES PARTE SUPERIOR: PISTÓN FORJADO ATHENA 4 TIEMPOS Ø 95,96 MM + KIT JUNTAS PARTE SUPERIOR RM-Z 450 2013-2024;622;ATEN;KP+JA;116,531476;287,7614;8053300719143;;;;1;0;1;87141010;ATHENA;;KITS PISTÓN;
;;;;;;;;;;;;;;;;;;;;;;;;;;;;;;;P5F0960061004C;KIT PISTONES PARTE SUPERIOR: PISTÓN FORJADO ATHENA 4 TIEMPOS Ø 95,97 MM + KIT JUNTAS PARTE SUPERIOR RM-Z 450 2013-2024;622;ATEN;KP+JA;116,531476;287,7614;8053300719150;;;;1;0;1;87141010;ATHENA;;KITS PISTÓN;
;;;;;;;;;;;;;;;;;;;;;;;;;;;;;;;P5F0960066002A;KIT PISTONES PARTE SUPERIOR: PISTÓN FORJADO ATHENA 4 TIEMPOS Ø 95,95 MM + KIT JUNTAS PARTE SUPERIOR KX 450 2016-2018;622;ATEN;KP+JA;116,531476;287,7614;8053300719105;;;;1;0;1;87141010;ATHENA;;KITS PISTÓN;
;;;;;;;;;;;;;;;;;;;;;;;;;;;;;;;P5F0960066002B;KIT PISTONES PARTE SUPERIOR: PISTÓN FORJADO ATHENA 4 TIEMPOS Ø 95,96 MM + KIT JUNTAS PARTE SUPERIOR KX 450 2016-2018;622;ATEN;KP+JA;116,531476;287,7614;8053300719112;;;;1;0;1;87141010;ATHENA;;KITS PISTÓN;
;;;;;;;;;;;;;;;;;;;;;;;;;;;;;;;P5F0960066002C;KIT PISTONES PARTE SUPERIOR: PISTÓN FORJADO ATHENA 4 TIEMPOS Ø 95,97 MM + KIT JUNTAS PARTE SUPERIOR KX 450 2016-2018;622;ATEN;KP+JA;116,531476;287,7614;8053300719129;;;;1;0;1;87141010;ATHENA;;KITS PISTÓN;
;;;;;;;;;;;;;;;;;;;;;;;;;;;;;;;P5F0960068007A;KIT PISTONES PARTE SUPERIOR: PISTÓN FORJADO ATHENA 4 TIEMPOS Ø 95,97 MM + KIT JUNTAS PARTE SUPERIOR KX 450 2019-2020;622;ATEN;KP+JA;123,1813835;304,1826;8053300719075;;;;1;0;1;87141010;ATHENA;;KITS PISTÓN;
;;;;;;;;;;;;;;;;;;;;;;;;;;;;;;;P5F0960068007B;KIT PISTONES PARTE SUPERIOR: PISTÓN FORJADO ATHENA 4 TIEMPOS Ø 95,98 MM + KIT JUNTAS PARTE SUPERIOR KX 450 2019-2020;622;ATEN;KP+JA;123,1813835;304,1826;8053300719082;;;;1;0;1;87141010;ATHENA;;KITS PISTÓN;
;;;;;;;;;;;;;;;;;;;;;;;;;;;;;;;P5F0960068007C;KIT PISTONES PARTE SUPERIOR: PISTÓN FORJADO ATHENA 4 TIEMPOS Ø 95,99 MM + KIT JUNTAS PARTE SUPERIOR KX 450 2019-2020;622;ATEN;KP+JA;123,1813835;304,1826;8053300719099;;;;1;0;1;87141010;ATHENA;;KITS PISTÓN;
;;;;;;;;;;;;;;;;;;;;;;;;;;;;;;;P5F0960072007A;KIT PISTONES PARTE SUPERIOR: PISTÓN FORJADO ATHENA 4 TIEMPOS Ø 95,97 MM + KIT JUNTAS PARTE SUPERIOR KX 450 2021-2023;622;ATEN;KP+JA;120,0738116;296,5088;8053300718719;;;;1;0;1;87141010;ATHENA;;KITS PISTÓN;
;;;;;;;;;;;;;;;;;;;;;;;;;;;;;;;P5F0960072007B;KIT PISTONES PARTE SUPERIOR: PISTÓN FORJADO ATHENA 4 TIEMPOS Ø 95,98 MM + KIT JUNTAS PARTE SUPERIOR KX 450 2021-2023;622;ATEN;KP+JA;120,0738116;296,5088;8053300718726;;;;1;0;1;87141010;ATHENA;;KITS PISTÓN;
;;;;;;;;;;;;;;;;;;;;;;;;;;;;;;;P5F0960072007C;KIT PISTONES PARTE SUPERIOR: PISTÓN FORJADO ATHENA 4 TIEMPOS Ø 95,99 MM + KIT JUNTAS PARTE SUPERIOR KX 450 2021-2023;622;ATEN;KP+JA;120,0738116;296,5088;8053300718733;;;;1;0;1;87141010;ATHENA;;KITS PISTÓN;
;;;;;;;;;;;;;;;;;;;;;;;;;;;;;;;P5F0960239001A;KIT PISTONES PARTE SUPERIOR: PISTÓN FORJADO ATHENA 4 TIEMPOS Ø 95,95 MM + KIT JUNTAS PARTE SUPERIOR CRF 450 R 2009-2016;622;ATEN;KP+JA;113,9673587;281,4296;8053300718689;;;;1;0;1;87141010;ATHENA;;KITS PISTÓN;
;;;;;;;;;;;;;;;;;;;;;;;;;;;;;;;P5F0960239001B;KIT PISTONES PARTE SUPERIOR: PISTÓN FORJADO ATHENA 4 TIEMPOS Ø 95,96 MM + KIT JUNTAS PARTE SUPERIOR CRF 450 R 2009-2016;622;ATEN;KP+JA;113,9673587;281,4296;8053300718696;;;;1;0;1;87141010;ATHENA;;KITS PISTÓN;
;;;;;;;;;;;;;;;;;;;;;;;;;;;;;;;P5F0960239001C;KIT PISTONES PARTE SUPERIOR: PISTÓN FORJADO ATHENA 4 TIEMPOS Ø 95,97 MM + KIT JUNTAS PARTE SUPERIOR CRF 450 R 2009-2016;622;ATEN;KP+JA;113,9673587;281,4296;8053300718702;;;;1;0;1;87141010;ATHENA;;KITS PISTÓN;
;;;;;;;;;;;;;;;;;;;;;;;;;;;;;;;P5F0960317006A;KIT PISTONES PARTE SUPERIOR: PISTÓN FORJADO ATHENA 4 TIEMPOS Ø 95,95 MM + KIT JUNTAS PARTE SUPERIOR CRF 450 R 2017-2018;622;ATEN;KP+JA;115,0740298;284,1624;8053300718658;;;;1;0;1;87141010;ATHENA;;KITS PISTÓN;
;;;;;;;;;;;;;;;;;;;;;;;;;;;;;;;P5F0960317006B;KIT PISTONES PARTE SUPERIOR: PISTÓN FORJADO ATHENA 4 TIEMPOS Ø 95,96 MM + KIT JUNTAS PARTE SUPERIOR CRF 450 R 2017-2018;622;ATEN;KP+JA;115,0740298;284,1624;8053300718665;;;;1;0;1;87141010;ATHENA;;KITS PISTÓN;
;;;;;;;;;;;;;;;;;;;;;;;;;;;;;;;P5F0960317006C;KIT PISTONES PARTE SUPERIOR: PISTÓN FORJADO ATHENA 4 TIEMPOS Ø 95,97 MM + KIT JUNTAS PARTE SUPERIOR CRF 450 R 2017-2018;622;ATEN;KP+JA;115,0740298;284,1624;8053300718672;;;;1;0;1;87141010;ATHENA;;KITS PISTÓN;
;;;;;;;;;;;;;;;;;;;;;;;;;;;;;;;P5F0960320006A;KIT PISTONES PARTE SUPERIOR: PISTÓN FORJADO ATHENA 4 TIEMPOS Ø 95,95 MM + KIT JUNTAS PARTE SUPERIOR CRF 450 R 2019-2020;622;ATEN;KP+JA;117,7221355;290,7016;8053300718627;;;;1;0;1;87141010;ATHENA;;KITS PISTÓN;
;;;;;;;;;;;;;;;;;;;;;;;;;;;;;;;P5F0960320006B;KIT PISTONES PARTE SUPERIOR: PISTÓN FORJADO ATHENA 4 TIEMPOS Ø 95,96 MM + KIT JUNTAS PARTE SUPERIOR CRF 450 R 2019-2020;622;ATEN;KP+JA;117,7221355;290,7016;8053300718634;;;;1;0;1;87141010;ATHENA;;KITS PISTÓN;
;;;;;;;;;;;;;;;;;;;;;;;;;;;;;;;P5F0960320006C;KIT PISTONES PARTE SUPERIOR: PISTÓN FORJADO ATHENA 4 TIEMPOS Ø 95,97 MM + KIT JUNTAS PARTE SUPERIOR CRF 450 R 2019-2020;622;ATEN;KP+JA;117,7221355;290,7016;8053300718641;;;;1;0;1;87141010;ATHENA;;KITS PISTÓN;
;;;;;;;;;;;;;;;;;;;;;;;;;;;;;;;P5F0960322006A;KIT PISTONES PARTE SUPERIOR: PISTÓN FORJADO ATHENA 4 TIEMPOS Ø 95,95 MM + KIT JUNTAS PARTE SUPERIOR CRF 450 R 2021-2024;622;ATEN;KP+JA;120,0738116;296,5088;8053300719044;;;;1;0;1;87141010;ATHENA;;KITS PISTÓN;
;;;;;;;;;;;;;;;;;;;;;;;;;;;;;;;P5F0960322006B;KIT PISTONES PARTE SUPERIOR: PISTÓN FORJADO ATHENA 4 TIEMPOS Ø 95,96 MM + KIT JUNTAS PARTE SUPERIOR CRF 450 R 2021-2024;622;ATEN;KP+JA;120,0738116;296,5088;8053300719051;;;;1;0;1;87141010;ATHENA;;KITS PISTÓN;
;;;;;;;;;;;;;;;;;;;;;;;;;;;;;;;P5F0960322006C;KIT PISTONES PARTE SUPERIOR: PISTÓN FORJADO ATHENA 4 TIEMPOS Ø 95,97 MM + KIT JUNTAS PARTE SUPERIOR CRF 450 R 2021-2024;622;ATEN;KP+JA;120,0738116;296,5088;8053300719068;;;;1;0;1;87141010;ATHENA;;KITS PISTÓN;
;;;;;;;;;;;;;;;;;;;;;;;;;;;;;;;P5F0970099002A;KIT PISTONES PARTE SUPERIOR: PISTÓN FORJADO ATHENA 4 TIEMPOS Ø 96,95 MM + KIT JUNTAS PARTE SUPERIOR YZ 450 F 2010-2013;622;ATEN;KP+JA;120,098514;296,5698;8053300719013;;;;1;0;1;87141010;ATHENA;;KITS PISTÓN;
;;;;;;;;;;;;;;;;;;;;;;;;;;;;;;;P5F0970099002B;KIT PISTONES PARTE SUPERIOR: PISTÓN FORJADO ATHENA 4 TIEMPOS Ø 96,96 MM + KIT JUNTAS PARTE SUPERIOR YZ 450 F 2010-2013;622;ATEN;KP+JA;120,098514;296,5698;8053300719020;;;;1;0;1;87141010;ATHENA;;KITS PISTÓN;
;;;;;;;;;;;;;;;;;;;;;;;;;;;;;;;P5F0970099002C;KIT PISTONES PARTE SUPERIOR: PISTÓN FORJADO ATHENA 4 TIEMPOS Ø 96,97 MM + KIT JUNTAS PARTE SUPERIOR YZ 450 F 2010-2013;622;ATEN;KP+JA;120,098514;296,5698;8053300719037;;;;1;0;1;87141010;ATHENA;;KITS PISTÓN;
;;;;;;;;;;;;;;;;;;;;;;;;;;;;;;;P5F0970188003A;KIT PISTONES PARTE SUPERIOR: PISTÓN FORJADO ATHENA 4 TIEMPOS Ø 96,95 MM + KIT JUNTAS PARTE SUPERIOR WR 450 F 2016-2018;622;ATEN;KP+JA;115,8348661;286,0412;8053300718986;;;;1;0;1;87141010;ATHENA;;KITS PISTÓN;
;;;;;;;;;;;;;;;;;;;;;;;;;;;;;;;P5F0970188003B;KIT PISTONES PARTE SUPERIOR: PISTÓN FORJADO ATHENA 4 TIEMPOS Ø 96,96 MM + KIT JUNTAS PARTE SUPERIOR WR 450 F 2016-2018;622;ATEN;KP+JA;115,8348661;286,0412;8053300718993;;;;1;0;1;87141010;ATHENA;;KITS PISTÓN;
;;;;;;;;;;;;;;;;;;;;;;;;;;;;;;;P5F0970188003C;KIT PISTONES PARTE SUPERIOR: PISTÓN FORJADO ATHENA 4 TIEMPOS Ø 96,97 MM + KIT JUNTAS PARTE SUPERIOR WR 450 F 2016-2018;622;ATEN;KP+JA;115,8348661;286,0412;8053300719006;;;;1;0;1;87141010;ATHENA;;KITS PISTÓN;
;;;;;;;;;;;;;;;;;;;;;;;;;;;;;;;P5F0970197004A;KIT PISTONES PARTE SUPERIOR: PISTÓN FORJADO ATHENA 4 TIEMPOS Ø 96,95 MM + KIT JUNTAS PARTE SUPERIOR WR 450 F 2019-2020;622;ATEN;KP+JA;119,9502992;296,2038;8053300718955;;;;1;0;1;87141010;ATHENA;;KITS PISTÓN;
;;;;;;;;;;;;;;;;;;;;;;;;;;;;;;;P5F0970197004B;KIT PISTONES PARTE SUPERIOR: PISTÓN FORJADO ATHENA 4 TIEMPOS Ø 96,96 MM + KIT JUNTAS PARTE SUPERIOR WR 450 F 2019-2020;622;ATEN;KP+JA;119,9502992;296,2038;8053300718962;;;;1;0;1;87141010;ATHENA;;KITS PISTÓN;
;;;;;;;;;;;;;;;;;;;;;;;;;;;;;;;P5F0970197004C;KIT PISTONES PARTE SUPERIOR: PISTÓN FORJADO ATHENA 4 TIEMPOS Ø 96,97 MM + KIT JUNTAS PARTE SUPERIOR WR 450 F 2019-2020;622;ATEN;KP+JA;119,9502992;296,2038;8053300718979;;;;1;0;1;87141010;ATHENA;;KITS PISTÓN;
;;;;;;;;;;;;;;;;;;;;;;;;;;;;;;;P5F0970213005A;KIT PISTONES PARTE SUPERIOR: PISTÓN FORJADO ATHENA 4 TIEMPOS Ø 96,95 MM + KIT JUNTAS PARTE SUPERIOR WR 450 F 2021-2023;622;ATEN;KP+JA;119,9502992;296,2038;;;;;1;0;1;87141010;ATHENA;;KITS PISTÓN;
;;;;;;;;;;;;;;;;;;;;;;;;;;;;;;;P5F0970213005B;KIT PISTONES PARTE SUPERIOR: PISTÓN FORJADO ATHENA 4 TIEMPOS Ø 96,96 MM + KIT JUNTAS PARTE SUPERIOR WR 450 F 2021-2023;622;ATEN;KP+JA;119,9502992;296,2038;;;;;1;0;1;87141010;ATHENA;;KITS PISTÓN;
;;;;;;;;;;;;;;;;;;;;;;;;;;;;;;;P5F0970213005C;KIT PISTONES PARTE SUPERIOR: PISTÓN FORJADO ATHENA 4 TIEMPOS Ø 96,97 MM + KIT JUNTAS PARTE SUPERIOR WR 450 F 2021-2023;622;ATEN;KP+JA;119,9502992;296,2038;;;;;1;0;1;87141010;ATHENA;;KITS PISTÓN;
