REF MADRE;EAN PRODUCT;NOMBRE (SIN TALLA);MARCA;PVP S/IVA;ID IVA;PRODUCT CATEGORIA;CATEGORIAS;CARACTERISTICAS;GAMA;TIPO PRODUCT;PRODUCT;META-DESCRIPCION;URL IMGs;DESCRIPCION LARGA;ANCHURA;ALTURA;PROFUNDIDAD;PESO;ID DISPONIBILIDAD;ACTIVO;DISP. PEDIDOS;TEMPORADA;TALLAS;GENERO;EDAD;COLOR;REF COMBI;EAN COMBI;NOMBRE COMBI:TIPO;;REF;NOMBRE;PROVEEDOR;FAMILIA;SUBFAMILIA;P.COMPRA;PVP S/IVA;EAN;ALT 1;ALT 2;ALT 3;UNIDAD;LOTE;PESO;CODNC;LIBRE1=MARCA;LIBRE2=TEMPORADA;LIBRE3=PRODUCTO;LIBRE4=GAMA/MODELO
KSX1041;19010567;Radiador Derecho KSX HONDA CRF 250 R 2014-2017;KSX;131,164;20;Radiador;Radiadores;;;recambio;Radiador;Compra Recambios De Cross Y Enduro En Mx Zambrana 131,164 Al Mejor Precio;https://mxzambrana.com/img-tmp/19010567.jpg;"Radiador de tamaño OEM</br></br><li>Alternativa económica al radiador original
</li><li>Mismas dimensiones que OEM
</li><li>Montaje sencillo y ajuste perfecto, no requiere modificaciones</li></br></br>";16,6;16,4;31,1;2;2;1;1;;;;;;;;;;KSX1041;RADIADOR DERECHO KSX HONDA CRF 250 R 2014-2017;676;KSX;;64,9;131,164;19010567;19010567;1901-0567;;1;0;2;87141090;KSX;;RADIADOR;
KSX1042;19010568;Radiador Izquierdo KSX HONDA CRF 250 R 2014-2015;KSX;131,164;20;Radiador;Radiadores;;;recambio;Radiador;Compra Recambios De Cross Y Enduro En Mx Zambrana 131,164 Al Mejor Precio;https://mxzambrana.com/img-tmp/19010568.jpg;"Radiador de tamaño OEM</br></br><li>Alternativa económica al radiador original
</li><li>Mismas dimensiones que OEM
</li><li>Montaje sencillo y ajuste perfecto, no requiere modificaciones</li></br></br>";16,3;16,1;29,6;2;2;1;1;;;;;;;;;;KSX1042;RADIADOR IZQUIERDO KSX HONDA CRF 250 R 2014-2015;676;KSX;;64,9;131,164;19010568;19010568;1901-0568;;1;0;2;87141090;KSX;;RADIADOR;
KSX1031;19010571;Radiador Derecho KSX HONDA CRF 450 R 2013-2014;KSX;131,164;20;Radiador;Radiadores;;;recambio;Radiador;Compra Recambios De Cross Y Enduro En Mx Zambrana 131,164 Al Mejor Precio;https://mxzambrana.com/img-tmp/19010571.jpg;"Radiador de tamaño OEM</br></br><li>Alternativa económica al radiador original
</li><li>Mismas dimensiones que OEM
</li><li>Montaje sencillo y ajuste perfecto, no requiere modificaciones</li></br></br>";19,9;15,6;37,8;2;2;1;1;;;;;;;;;;KSX1031;RADIADOR DERECHO KSX HONDA CRF 450 R 2013-2014;676;KSX;;48,68;131,164;19010571;19010571;1901-0571;;1;0;2;87141090;KSX;;RADIADOR;
KSX1032;19010572;Radiador Izquierdo KSX HONDA CRF 450 R 2013-2014;KSX;131,164;20;Radiador;Radiadores;;;recambio;Radiador;Compra Recambios De Cross Y Enduro En Mx Zambrana 131,164 Al Mejor Precio;https://mxzambrana.com/img-tmp/19010572.jpg;"Radiador de tamaño OEM</br></br><li>Alternativa económica al radiador original
</li><li>Mismas dimensiones que OEM
</li><li>Montaje sencillo y ajuste perfecto, no requiere modificaciones</li></br></br>";17,1;15,6;29,9;2;2;1;1;;;;;;;;;;KSX1032;RADIADOR IZQUIERDO KSX HONDA CRF 450 R 2013-2014;676;KSX;;64,9;131,164;19010572;19010572;1901-0572;;1;0;2;87141090;KSX;;RADIADOR;
KSX5031;19010573;Radiador Derecho KSX HUSABERG FE 250 2013-2015;KSX;131,164;20;Radiador;Radiadores;;;recambio;Radiador;Compra Recambios De Cross Y Enduro En Mx Zambrana 131,164 Al Mejor Precio;https://mxzambrana.com/img-tmp/19010573.jpg;"Radiador de tamaño OEM</br></br><li>Alternativa económica al radiador original
</li><li>Mismas dimensiones que OEM
</li><li>Montaje sencillo y ajuste perfecto, no requiere modificaciones</li></br></br>";18,9;10,8;40,1;2;2;1;1;;;;;;;;;;KSX5031;RADIADOR DERECHO KSX HUSABERG FE 250 2013-2015;676;KSX;;64,9;131,164;19010573;19010573;1901-0573;;1;0;2;87141090;KSX;;RADIADOR;
KSX5032;19010574;Radiador Izquierdo KSX HUSABERG FE 250 2013-2015;KSX;131,164;20;Radiador;Radiadores;;;recambio;Radiador;Compra Recambios De Cross Y Enduro En Mx Zambrana 131,164 Al Mejor Precio;https://mxzambrana.com/img-tmp/19010574.jpg;"Radiador de tamaño OEM</br></br><li>Alternativa económica al radiador original
</li><li>Mismas dimensiones que OEM
</li><li>Montaje sencillo y ajuste perfecto, no requiere modificaciones</li></br></br>";18,6;12,1;36,4;2;2;1;1;;;;;;;;;;KSX5032;RADIADOR IZQUIERDO KSX HUSABERG FE 250 2013-2015;676;KSX;;64,9;131,164;19010574;19010574;1901-0574;;1;0;2;87141090;KSX;;RADIADOR;
KSX5041;19010575;Radiador Derecho KSX HUSABERG TE 125 2012-2015;KSX;131,164;20;Radiador;Radiadores;;;recambio;Radiador;Compra Recambios De Cross Y Enduro En Mx Zambrana 131,164 Al Mejor Precio;https://mxzambrana.com/img-tmp/19010575.jpg;"Radiador de tamaño OEM</br></br><li>Alternativa económica al radiador original
</li><li>Mismas dimensiones que OEM
</li><li>Montaje sencillo y ajuste perfecto, no requiere modificaciones</li></br></br>";18,9;10,8;40,5;2;2;1;1;;;;;;;;;;KSX5041;RADIADOR DERECHO KSX HUSABERG TE 125 2012-2015;676;KSX;;64,9;131,164;19010575;19010575;1901-0575;;1;0;2;87141090;KSX;;RADIADOR;
KSX5042;19010576;Radiador Izquierdo KSX HUSABERG TE 125 2012-2015;KSX;131,164;20;Radiador;Radiadores;;;recambio;Radiador;Compra Recambios De Cross Y Enduro En Mx Zambrana 131,164 Al Mejor Precio;https://mxzambrana.com/img-tmp/19010576.jpg;"Radiador de tamaño OEM</br></br><li>Alternativa económica al radiador original
</li><li>Mismas dimensiones que OEM
</li><li>Montaje sencillo y ajuste perfecto, no requiere modificaciones</li></br></br>";18,6;12,1;35,9;2;2;1;1;;;;;;;;;;KSX5042;RADIADOR IZQUIERDO KSX HUSABERG TE 125 2012-2015;676;KSX;;64,9;131,164;19010576;19010576;1901-0576;;1;0;2;87141090;KSX;;RADIADOR;
KSX5021;19010577;Radiador Derecho KSX HUSABERG FX 450 2010-2011;KSX;131,164;20;Radiador;Radiadores;;;recambio;Radiador;Compra Recambios De Cross Y Enduro En Mx Zambrana 131,164 Al Mejor Precio;https://mxzambrana.com/img-tmp/19010577.jpg;"Radiador de tamaño OEM</br></br><li>Alternativa económica al radiador original
</li><li>Mismas dimensiones que OEM
</li><li>Montaje sencillo y ajuste perfecto, no requiere modificaciones</li></br></br>";18,6;10,8;40,2;2;2;1;1;;;;;;;;;;KSX5021;RADIADOR DERECHO KSX HUSABERG FX 450 2010-2011;676;KSX;;64,9;131,164;19010577;19010577;1901-0577;;1;0;2;87141090;KSX;;RADIADOR;
KSX2011;19010578;Radiador Derecho KSX KAWASAKI KX 250 F 2009-2016;KSX;131,164;20;Radiador;Radiadores;;;recambio;Radiador;Compra Recambios De Cross Y Enduro En Mx Zambrana 131,164 Al Mejor Precio;https://mxzambrana.com/img-tmp/19010578.jpg;"Radiador de tamaño OEM</br></br><li>Alternativa económica al radiador original
</li><li>Mismas dimensiones que OEM
</li><li>Montaje sencillo y ajuste perfecto, no requiere modificaciones</li></br></br>";16,1;12,8;34,8;2;2;1;1;;;;;;;;;;KSX2011;RADIADOR DERECHO KSX KAWASAKI KX 250 F 2009-2016;676;KSX;;64,9;131,164;19010578;19010578;1901-0578;;1;0;2;87141090;KSX;;RADIADOR;
KSX2012;19010579;Radiador Izquierdo KSX KAWASAKI KX 250 F 2009-2016;KSX;131,164;20;Radiador;Radiadores;;;recambio;Radiador;Compra Recambios De Cross Y Enduro En Mx Zambrana 131,164 Al Mejor Precio;https://mxzambrana.com/img-tmp/19010579.jpg;"Radiador de tamaño OEM</br></br><li>Alternativa económica al radiador original
</li><li>Mismas dimensiones que OEM
</li><li>Montaje sencillo y ajuste perfecto, no requiere modificaciones</li></br></br>";17,1;12,6;40,2;2;2;1;1;;;;;;;;;;KSX2012;RADIADOR IZQUIERDO KSX KAWASAKI KX 250 F 2009-2016;676;KSX;;64,9;131,164;19010579;19010579;1901-0579;;1;0;2;87141090;KSX;;RADIADOR;
KSX2021;19010580;Radiador Derecho KSX KAWASAKI KX 450 F 2009-2015;KSX;131,164;20;Radiador;Radiadores;;;recambio;Radiador;Compra Recambios De Cross Y Enduro En Mx Zambrana 131,164 Al Mejor Precio;https://mxzambrana.com/img-tmp/19010580.jpg;"Radiador de tamaño OEM</br></br><li>Alternativa económica al radiador original
</li><li>Mismas dimensiones que OEM
</li><li>Montaje sencillo y ajuste perfecto, no requiere modificaciones</li></br></br>";17,4;12,6;33,5;2;2;1;1;;;;;;;;;;KSX2021;RADIADOR DERECHO KSX KAWASAKI KX 450 F 2009-2015;676;KSX;;64,9;131,164;19010580;19010580;1901-0580;;1;0;2;87141090;KSX;;RADIADOR;
KSX2022;19010581;Radiador Izquierdo KSX KAWASAKI KX 450 F 2009-2015;KSX;131,164;20;Radiador;Radiadores;;;recambio;Radiador;Compra Recambios De Cross Y Enduro En Mx Zambrana 131,164 Al Mejor Precio;https://mxzambrana.com/img-tmp/19010581.jpg;"Radiador de tamaño OEM</br></br><li>Alternativa económica al radiador original
</li><li>Mismas dimensiones que OEM
</li><li>Montaje sencillo y ajuste perfecto, no requiere modificaciones</li></br></br>";16,8;12,6;40,2;2;2;1;1;;;;;;;;;;KSX2022;RADIADOR IZQUIERDO KSX KAWASAKI KX 450 F 2009-2015;676;KSX;;64,9;131,164;19010581;19010581;1901-0581;;1;0;2;87141090;KSX;;RADIADOR;
KSX5022;19010582;Radiador Izquierdo KSX HUSABERG FE 390 2010-2012;KSX;131,164;20;Radiador;Radiadores;;;recambio;Radiador;Compra Recambios De Cross Y Enduro En Mx Zambrana 131,164 Al Mejor Precio;https://mxzambrana.com/img-tmp/19010582.jpg;"Radiador de tamaño OEM</br></br><li>Alternativa económica al radiador original
</li><li>Mismas dimensiones que OEM
</li><li>Montaje sencillo y ajuste perfecto, no requiere modificaciones</li></br></br>";18,4;11,8;36,7;2;2;1;1;;;;;;;;;;KSX5022;RADIADOR IZQUIERDO KSX HUSABERG FE 390 2010-2012;676;KSX;;64,9;131,164;19010582;19010582;1901-0582;;1;0;2;87141090;KSX;;RADIADOR;
KSX4031;19010585;Radiador Derecho KSX YAMAHA YZ 250 F 2014-2018;KSX;131,164;20;Radiador;Radiadores;;;recambio;Radiador;Compra Recambios De Cross Y Enduro En Mx Zambrana 131,164 Al Mejor Precio;https://mxzambrana.com/img-tmp/19010585.jpg;"Radiador de tamaño OEM</br></br><li>Alternativa económica al radiador original
</li><li>Mismas dimensiones que OEM
</li><li>Montaje sencillo y ajuste perfecto, no requiere modificaciones</li></br></br>";17,4;14,1;36,7;2;2;1;1;;;;;;;;;;KSX4031;RADIADOR DERECHO KSX YAMAHA YZ 250 F 2014-2018;676;KSX;;64,9;131,164;19010585;19010585;1901-0585;;1;0;2;87141090;KSX;;RADIADOR;
KSX4032;19010586;Radiador Izquierdo KSX YAMAHA YZ 250 F 2014-2018;KSX;131,164;20;Radiador;Radiadores;;;recambio;Radiador;Compra Recambios De Cross Y Enduro En Mx Zambrana 131,164 Al Mejor Precio;https://mxzambrana.com/img-tmp/19010586.jpg;"Radiador de tamaño OEM</br></br><li>Alternativa económica al radiador original
</li><li>Mismas dimensiones que OEM
</li><li>Montaje sencillo y ajuste perfecto, no requiere modificaciones</li></br></br>";17,1;9,8;33,7;2;2;1;1;;;;;;;;;;KSX4032;RADIADOR IZQUIERDO KSX YAMAHA YZ 250 F 2014-2018;676;KSX;;64,9;131,164;19010586;19010586;1901-0586;;1;0;2;87141090;KSX;;RADIADOR;
KSX5051;19010615;Radiador Derecho KSX HUSQVARNA FC 250 2016-2018;KSX;131,164;20;Radiador;Radiadores;;;recambio;Radiador;Compra Recambios De Cross Y Enduro En Mx Zambrana 131,164 Al Mejor Precio;https://mxzambrana.com/img-tmp/19010615.jpg;"Radiador de tamaño OEM</br></br><li>Alternativa económica al radiador original
</li><li>Mismas dimensiones que OEM
</li><li>Montaje sencillo y ajuste perfecto, no requiere modificaciones</li></br></br>";14,8;12,6;41,2;2;2;1;1;;;;;;;;;;KSX5051;RADIADOR DERECHO KSX HUSQVARNA FC 250 2016-2018;676;KSX;;64,9;131,164;19010615;19010615;1901-0615;;1;0;2;87141090;KSX;;RADIADOR;
KSX5061;19010616;Radiador Derecho KSX HUSQVARNA FC 450 2016-2018;KSX;131,164;20;Radiador;Radiadores;;;recambio;Radiador;Compra Recambios De Cross Y Enduro En Mx Zambrana 131,164 Al Mejor Precio;https://mxzambrana.com/img-tmp/19010616.jpg;"Radiador de tamaño OEM</br></br><li>Alternativa económica al radiador original
</li><li>Mismas dimensiones que OEM
</li><li>Montaje sencillo y ajuste perfecto, no requiere modificaciones</li></br></br>";14,8;12,8;40,9;2;2;1;1;;;;;;;;;;KSX5061;RADIADOR DERECHO KSX HUSQVARNA FC 450 2016-2018;676;KSX;;64,9;131,164;19010616;19010616;1901-0616;;1;0;2;87141090;KSX;;RADIADOR;
KSX5052;19010617;Radiador Izquierdo KSX HUSQVARNA FC 250 2016-2019;KSX;131,164;20;Radiador;Radiadores;;;recambio;Radiador;Compra Recambios De Cross Y Enduro En Mx Zambrana 131,164 Al Mejor Precio;https://mxzambrana.com/img-tmp/19010617.jpg;"Radiador de tamaño OEM</br></br><li>Alternativa económica al radiador original
</li><li>Mismas dimensiones que OEM
</li><li>Montaje sencillo y ajuste perfecto, no requiere modificaciones</li></br></br>";14,8;12,6;40,9;2;2;1;1;;;;;;;;;;KSX5052;RADIADOR IZQUIERDO KSX HUSQVARNA FC 250 2016-2019;676;KSX;;64,9;131,164;19010617;19010617;1901-0617;;1;0;2;87141090;KSX;;RADIADOR;
KSX5081;19010856;Radiador Derecho KSX GAS GAS EC 250 2021-2023;KSX;131,164;20;Radiador;Radiadores;;;recambio;Radiador;Compra Recambios De Cross Y Enduro En Mx Zambrana 131,164 Al Mejor Precio;https://mxzambrana.com/img-tmp/19010856.jpg;Radiator</br></br><li>Economical alternative to the original radiator</li><li>Same dimensions as OEM</li></br></br>;16,5;11,6;39,5;2;2;1;1;;;;;;;;;;KSX5081;RADIADOR DERECHO KSX GAS GAS EC 250 2021-2023;676;KSX;;64,9;131,164;19010856;19010856;1901-0856;;1;0;2;87089135;KSX;;RADIADOR;
KSX5071;19010857;Radiador Derecho KSX GAS GAS EC 250 F 2021-2023;KSX;131,164;20;Radiador;Radiadores;;;recambio;Radiador;Compra Recambios De Cross Y Enduro En Mx Zambrana 131,164 Al Mejor Precio;https://mxzambrana.com/img-tmp/19010857.jpg;Radiator</br></br><li>Economical alternative to the original radiator</li><li>Same dimensions as OEM</li></br></br>;16,5;11,5;39,5;2;2;1;1;;;;;;;;;;KSX5071;RADIADOR DERECHO KSX GAS GAS EC 250 F 2021-2023;676;KSX;;64,9;131,164;19010857;19010857;1901-0857;;1;0;2;87089135;KSX;;RADIADOR;
KSX5072;19010858;Radiador Izquierdo KSX GAS GAS EC 250 2021-2023;KSX;131,164;20;Radiador;Radiadores;;;recambio;Radiador;Compra Recambios De Cross Y Enduro En Mx Zambrana 131,164 Al Mejor Precio;https://mxzambrana.com/img-tmp/19010858.jpg;Radiator</br></br><li>Economical alternative to the original radiator</li><li>Same dimensions as OEM</li></br></br>;16,5;11,6;39,5;2;2;1;1;;;;;;;;;;KSX5072;RADIADOR IZQUIERDO KSX GAS GAS EC 250 2021-2023;676;KSX;;64,9;131,164;19010858;19010858;1901-0858;;1;0;2;87089135;KSX;;RADIADOR;
KSX4042;19010859;Radiador Izquierdo KSX YAMAHA WR 250 F 2020-2024;KSX;131,164;20;Radiador;Radiadores;;;recambio;Radiador;Compra Recambios De Cross Y Enduro En Mx Zambrana 131,164 Al Mejor Precio;https://mxzambrana.com/img-tmp/19010859.jpg;Radiator</br></br><li>Economical alternative to the original radiator</li><li>Same dimensions as OEM</li></br></br>;17;14;36,5;2;2;1;1;;;;;;;;;;KSX4042;RADIADOR IZQUIERDO KSX YAMAHA WR 250 F 2020-2024;676;KSX;;64,9;131,164;19010859;19010859;1901-0859;;1;0;2;87089135;KSX;;RADIADOR;
KSX4041;19010860;Radiador Derecho KSX YAMAHA YZ 250 F 2019-2023;KSX;131,164;20;Radiador;Radiadores;;;recambio;Radiador;Compra Recambios De Cross Y Enduro En Mx Zambrana 131,164 Al Mejor Precio;https://mxzambrana.com/img-tmp/19010860.jpg;Radiator</br></br><li>Economical alternative to the original radiator</li><li>Same dimensions as OEM</li></br></br>;16,5;13,8;36;2;2;1;1;;;;;;;;;;KSX4041;RADIADOR DERECHO KSX YAMAHA YZ 250 F 2019-2023;676;KSX;;64,9;131,164;19010860;19010860;1901-0860;;1;0;2;87089135;KSX;;RADIADOR;
KSX1051;19010861;Radiador Derecho KSX HONDA CRF 250 R 2018-2019;KSX;131,164;20;Radiador;Radiadores;;;recambio;Radiador;Compra Recambios De Cross Y Enduro En Mx Zambrana 131,164 Al Mejor Precio;0;Replacement OEM Radiator</br></br><li>Compatible with Moose Racing radiator guards and braces</li><li>Easy mounting and perfect fitting, no modification required</li><li>Same dimensions as OEM</li><li>Includes radiator cap</li></br></br>;21,8;21,5;35,2;2;2;1;1;;;;;;;;;;KSX1051;RADIADOR DERECHO KSX HONDA CRF 250 R 2018-2019;676;KSX;;51,92;131,164;19010861;19010861;1901-0861;;1;0;2;87089135;KSX;;RADIADOR;
KSX1061;1901-0862;Radiador Derecho KSX HONDA CRF 250 R 2020-2021;KSX;131,164;20;Radiador;Radiadores;;;recambio;Radiador;Compra Recambios De Cross Y Enduro En Mx Zambrana 131,164 Al Mejor Precio;0;Replacement OEM Radiator</br></br><li>Compatible with Moose Racing radiator guards and braces</li><li>Easy mounting and perfect fitting, no modification required</li><li>Same dimensions as OEM</li><li>Includes radiator cap</li></br></br>;22,5;22,5;35;2;2;1;1;;;;;;;;;;KSX1061;RADIADOR DERECHO KSX HONDA CRF 250 R 2020-2021;676;KSX;;64,9;131,164;1901-0862;19010862;1901-0862;;1;0;2;87089135;KSX;;RADIADOR;
KSX1071;19010863;Radiador Derecho KSX HONDA CRF 450 R 2015-2016;KSX;131,164;20;Radiador;Radiadores;;;recambio;Radiador;Compra Recambios De Cross Y Enduro En Mx Zambrana 131,164 Al Mejor Precio;0;Replacement OEM Radiator</br></br><li>Compatible with Moose Racing radiator guards and braces</li><li>Easy mounting and perfect fitting, no modification required</li><li>Same dimensions as OEM</li><li>Includes radiator cap</li></br></br>;22,5;22,5;35,2;2;2;1;1;;;;;;;;;;KSX1071;RADIADOR DERECHO KSX HONDA CRF 450 R 2015-2016;676;KSX;;64,9;131,164;19010863;19010863;1901-0863;;1;0;2;87089135;KSX;;RADIADOR;
KSX1081;19010864;Radiador Derecho KSX HONDA CRF 450 R 2017-2020;KSX;131,164;20;Radiador;Radiadores;;;recambio;Radiador;Compra Recambios De Cross Y Enduro En Mx Zambrana 131,164 Al Mejor Precio;0;Replacement OEM Radiator</br></br><li>Compatible with Moose Racing radiator guards and braces</li><li>Easy mounting and perfect fitting, no modification required</li><li>Same dimensions as OEM</li><li>Includes radiator cap</li></br></br>;22,5;22,5;35;2;2;1;1;;;;;;;;;;KSX1081;RADIADOR DERECHO KSX HONDA CRF 450 R 2017-2020;676;KSX;;64,9;131,164;19010864;19010864;1901-0864;;1;0;2;87089135;KSX;;RADIADOR;
KSX1052;19010865;Radiador Izquierdo KSX HONDA CRF 250 R 2016-2017;KSX;131,164;20;Radiador;Radiadores;;;recambio;Radiador;Compra Recambios De Cross Y Enduro En Mx Zambrana 131,164 Al Mejor Precio;0;Replacement OEM Radiator</br></br><li>Compatible with Moose Racing radiator guards and braces</li><li>Easy mounting and perfect fitting, no modification required</li><li>Same dimensions as OEM</li><li>Includes radiator cap</li></br></br>;22,5;22,5;35,2;2;2;1;1;;;;;;;;;;KSX1052;RADIADOR IZQUIERDO KSX HONDA CRF 250 R 2016-2017;676;KSX;;64,9;131,164;19010865;19010865;1901-0865;;1;0;2;87089135;KSX;;RADIADOR;
KSX1062;19010866;Radiador Izquierdo KSX HONDA CRF 250 R 2018-2021;KSX;131,164;20;Radiador;Radiadores;;;recambio;Radiador;Compra Recambios De Cross Y Enduro En Mx Zambrana 131,164 Al Mejor Precio;0;Replacement OEM Radiator</br></br><li>Compatible with Moose Racing radiator guards and braces</li><li>Easy mounting and perfect fitting, no modification required</li><li>Same dimensions as OEM</li><li>Includes radiator cap</li></br></br>;22,5;21,3;35,5;2;2;1;1;;;;;;;;;;KSX1062;RADIADOR IZQUIERDO KSX HONDA CRF 250 R 2018-2021;676;KSX;;64,9;131,164;19010866;19010866;1901-0866;;1;0;2;87089135;KSX;;RADIADOR;
KSX1072;19010867;Radiador Izquierdo KSX HONDA CRF 450 R 2015-2016;KSX;131,164;20;Radiador;Radiadores;;;recambio;Radiador;Compra Recambios De Cross Y Enduro En Mx Zambrana 131,164 Al Mejor Precio;0;Replacement OEM Radiator</br></br><li>Compatible with Moose Racing radiator guards and braces</li><li>Easy mounting and perfect fitting, no modification required</li><li>Same dimensions as OEM</li><li>Includes radiator cap</li></br></br>;22,5;22,5;35;2;2;1;1;;;;;;;;;;KSX1072;RADIADOR IZQUIERDO KSX HONDA CRF 450 R 2015-2016;676;KSX;;64,9;131,164;19010867;19010867;1901-0867;;1;0;2;87089135;KSX;;RADIADOR;
KSX1082;19010868;Radiador Izquierdo KSX HONDA CRF 450 R 2017-2020;KSX;131,164;20;Radiador;Radiadores;;;recambio;Radiador;Compra Recambios De Cross Y Enduro En Mx Zambrana 131,164 Al Mejor Precio;0;Replacement OEM Radiator</br></br><li>Compatible with Moose Racing radiator guards and braces</li><li>Easy mounting and perfect fitting, no modification required</li><li>Same dimensions as OEM</li><li>Includes radiator cap</li></br></br>;22,5;22,5;35;2;2;1;1;;;;;;;;;;KSX1082;RADIADOR IZQUIERDO KSX HONDA CRF 450 R 2017-2020;676;KSX;;64,9;131,164;19010868;19010868;1901-0868;;1;0;2;87089135;KSX;;RADIADOR;
KSX1091;19010906;Radiador Derecho KSX HONDA CRF 450 R 2021-2024;KSX;131,164;20;Radiador;Radiadores;;;recambio;Radiador;Compra Recambios De Cross Y Enduro En Mx Zambrana 131,164 Al Mejor Precio;0;Replacement OEM Radiator</br></br><li>Compatible with Moose Racing radiator guards and braces</li><li>Easy mounting and perfect fitting, no modification required</li><li>Same dimensions as OEM</li><li>Includes radiator cap</li></br></br>;21,5;21,5;35;2;2;1;1;;;;;;;;;;KSX1091;RADIADOR DERECHO KSX HONDA CRF 450 R 2021-2024;676;KSX;;64,9;131,164;19010906;19010906;1901-0906;;1;0;2;87141090;KSX;;RADIADOR;
KSX1092;19010907;Radiador Izquierdo KSX HONDA CRF 450 R 2021-2024;KSX;131,164;20;Radiador;Radiadores;;;recambio;Radiador;Compra Recambios De Cross Y Enduro En Mx Zambrana 131,164 Al Mejor Precio;0;Replacement OEM Radiator</br></br><li>Compatible with Moose Racing radiator guards and braces</li><li>Easy mounting and perfect fitting, no modification required</li><li>Same dimensions as OEM</li><li>Includes radiator cap</li></br></br>;21,5;21,5;34,5;2;2;1;1;;;;;;;;;;KSX1092;RADIADOR IZQUIERDO KSX HONDA CRF 450 R 2021-2024;676;KSX;;64,9;131,164;19010907;19010907;1901-0907;;1;0;2;87141090;KSX;;RADIADOR;
KSX4051;19010908;Radiador Derecho KSX YAMAHA WR 450 F 2016-2018;KSX;131,164;20;Radiador;Radiadores;;;recambio;Radiador;Compra Recambios De Cross Y Enduro En Mx Zambrana 131,164 Al Mejor Precio;https://mxzambrana.com/img-tmp/19010908.jpg;Radiator</br></br><li>Economical alternative to the original radiator</li><li>Same dimensions as OEM</li></br></br>;17;14;36,5;2;2;1;1;;;;;;;;;;KSX4051;RADIADOR DERECHO KSX YAMAHA WR 450 F 2016-2018;676;KSX;;64,9;131,164;19010908;19010908;1901-0908;;1;0;2;87141090;KSX;;RADIADOR;
KSX4052;19010909;Radiador Izquierdo KSX YAMAHA WR 450 F 2016-2018;KSX;131,164;20;Radiador;Radiadores;;;recambio;Radiador;Compra Recambios De Cross Y Enduro En Mx Zambrana 131,164 Al Mejor Precio;https://mxzambrana.com/img-tmp/19010909.jpg;Radiator</br></br><li>Economical alternative to the original radiator</li><li>Same dimensions as OEM</li></br></br>;16,5;9,5;33;2;2;1;1;;;;;;;;;;KSX4052;RADIADOR IZQUIERDO KSX YAMAHA WR 450 F 2016-2018;676;KSX;;55,17;131,164;19010909;19010909;1901-0909;;1;0;2;87141090;KSX;;RADIADOR;
KSX4061;19010910;Radiador Derecho KSX YAMAHA WR 250 F 2020-2024;KSX;131,164;20;Radiador;Radiadores;;;recambio;Radiador;Compra Recambios De Cross Y Enduro En Mx Zambrana 131,164 Al Mejor Precio;https://mxzambrana.com/img-tmp/19010910.jpg;Radiator</br></br><li>Economical alternative to the original radiator</li><li>Same dimensions as OEM</li></br></br>;16,5;14;36,5;2;2;1;1;;;;;;;;;;KSX4061;RADIADOR DERECHO KSX YAMAHA WR 250 F 2020-2024;676;KSX;;64,9;131,164;19010910;19010910;1901-0910;;1;0;2;87141090;KSX;;RADIADOR;
KSX5092;19010934;Radiador Izquierdo KSX GAS GAS EC 250 2024-2025;KSX;131,164;20;Radiador;Radiadores;;;recambio;Radiador;Compra Recambios De Cross Y Enduro En Mx Zambrana 131,164 Al Mejor Precio;https://mxzambrana.com/img-tmp/19010934.jpg;Radiator</br></br><li>Economical alternative to the original radiator</li><li>Same dimensions as OEM</li></br></br>;17,5;11,4;42,6;2;2;1;1;;;;;;;;;;KSX5092;RADIADOR IZQUIERDO KSX GAS GAS EC 250 2024-2025;676;KSX;;64,9;131,164;19010934;19010934;1901-0934;;1;0;2;87089135;KSX;;RADIADOR;
KSX5091;19010935;Radiador Derecho KSX GAS GAS EC 250 2024-2025;KSX;131,164;20;Radiador;Radiadores;;;recambio;Radiador;Compra Recambios De Cross Y Enduro En Mx Zambrana 131,164 Al Mejor Precio;https://mxzambrana.com/img-tmp/19010935.jpg;Radiator</br></br><li>Economical alternative to the original radiator</li><li>Same dimensions as OEM</li></br></br>;16,9;11,4;42,8;2;2;1;1;;;;;;;;;;KSX5091;RADIADOR DERECHO KSX GAS GAS EC 250 2024-2025;676;KSX;;64,9;131,164;19010935;19010935;1901-0935;;1;0;2;87089135;KSX;;RADIADOR;
KSX4072;19010936;Radiador Izquierdo KSX YAMAHA WR 450 F 2024-2024;KSX;131,164;20;Radiador;Radiadores;;;recambio;Radiador;Compra Recambios De Cross Y Enduro En Mx Zambrana 131,164 Al Mejor Precio;https://mxzambrana.com/img-tmp/19010936.jpg;Radiator</br></br><li>Economical alternative to the original radiator</li><li>Same dimensions as OEM</li></br></br>;19,7;14,7;39,8;2;2;1;1;;;;;;;;;;KSX4072;RADIADOR IZQUIERDO KSX YAMAHA WR 450 F 2024-2024;676;KSX;;64,9;131,164;19010936;19010936;1901-0936;;1;0;2;87089135;KSX;;RADIADOR;
KSX4071;19010937;Radiador Derecho KSX YAMAHA WR 450 F 2024-2024;KSX;131,164;20;Radiador;Radiadores;;;recambio;Radiador;Compra Recambios De Cross Y Enduro En Mx Zambrana 131,164 Al Mejor Precio;https://mxzambrana.com/img-tmp/19010937.jpg;Radiator</br></br><li>Economical alternative to the original radiator</li><li>Same dimensions as OEM</li></br></br>;19,7;14,7;39,8;2;2;1;1;;;;;;;;;;KSX4071;RADIADOR DERECHO KSX YAMAHA WR 450 F 2024-2024;676;KSX;;64,9;131,164;19010937;19010937;1901-0937;;1;0;2;87089135;KSX;;RADIADOR;
